added,added_by_status.beaten,added_by_status.dropped,added_by_status.owned,added_by_status.playing,added_by_status.toplay,added_by_status.yet,community_rating,id,metacritic,playtime,rating,rating_top,ratings_count,released,reviews_count,reviews_text_count,slug,suggestions_count,tba,exceptional,meh,recommended,skip,Action,Adventure,Arcade,Casual,Indie,Platformer,RPG,Shooter,Simulation,Strategy,action,adventure,arcade,board-games,card,casual,educational,family,fighting,indie,massively-multiplayer,platformer,puzzle,racing,role-playing-games-rpg,shooter,simulation,sports,strategy
210,30.0,8.0,145,3.0,5.0,19.0,-1.0,3188,-1.0,10,3.5,4,41,2014-09-25,42,0,danganronpa-another-episode-ultra-despair-girls,383,False,5,8,23,6,1,1,0,0,0,0,0,0,0,0,0,0,0,0,0,0,0,0,0,0,0,0,0,0,0,0,0,0,0
380,34.0,13.0,304,10.0,3.0,16.0,-1.0,45381,-1.0,5,3.88,4,63,2017-09-21,64,1,mirror,303,False,13,9,38,4,0,1,1,0,1,0,1,0,0,0,0,0,0,0,0,0,0,0,0,0,0,0,0,0,0,0,0,0,0
13,1.0,0.0,10,0.0,2.0,0.0,0.0,11240,-1.0,56,0.0,0,2,2017-07-24,2,0,the-letter-horror-visual-novel,472,False,2,0,0,0,0,1,0,0,1,0,1,0,0,0,0,0,0,0,0,0,0,0,0,0,0,0,0,0,0,0,0,0,0
4,0.0,0.0,2,0.0,1.0,1.0,0.0,12324,-1.0,0,0.0,0,0,2017-02-07,0,0,soulset,398,False,0,0,0,0,0,1,0,1,1,0,0,0,0,0,0,0,0,0,0,0,0,0,0,0,0,0,0,0,0,0,0,0,0
51,4.0,0.0,44,0.0,1.0,2.0,-1.0,16606,-1.0,5,0.0,4,5,2015-11-05,5,0,g-senjou-no-maou-the-devil-on-g-string,370,False,2,0,3,0,0,1,0,1,0,0,0,0,1,0,0,0,0,0,0,0,0,0,0,0,0,0,0,0,0,0,0,0,0
122,3.0,2.0,104,2.0,4.0,7.0,-1.0,2134,-1.0,0,3.67,4,15,2015-11-05,15,0,fairy-fencer-f-advent-dark-force,477,False,4,0,8,3,0,1,0,0,0,0,1,0,0,0,0,0,0,0,0,0,0,0,0,0,0,0,0,0,0,0,0,0,0
887,112.0,36.0,587,38.0,63.0,51.0,-1.0,13404,-1.0,5,4.33,5,186,2014-03-11,189,3,va-11-hall-a,273,False,105,15,60,9,0,1,0,0,0,0,0,0,1,0,0,0,0,0,0,0,0,0,0,0,0,0,0,0,0,0,0,0,0
560,9.0,8.0,504,2.0,5.0,32.0,-1.0,16295,55.0,3,3.27,3,26,2014-05-14,26,0,dreadout,425,False,2,12,9,3,0,1,0,0,1,0,0,0,0,0,0,0,0,0,0,0,0,0,0,0,0,0,0,0,0,0,0,0,0
163,6.0,1.0,149,0.0,1.0,6.0,-1.0,10561,-1.0,1,2.67,3,6,2016-06-14,6,0,elisa-the-innkeeper-prequel,277,False,0,5,0,1,0,1,0,1,1,0,0,0,0,0,0,0,0,0,0,0,0,0,0,0,0,0,0,0,0,0,0,0,0
404,1.0,1.0,88,1.0,271.0,42.0,-1.0,303576,-1.0,0,4.29,4,7,2020-03-30,7,0,vampire-the-masquerade-bloodlines-2,591,True,2,0,5,0,1,0,0,0,0,0,1,0,0,0,0,0,0,0,0,0,0,0,0,0,0,0,0,0,0,0,0,0,0
1710,211.0,61.0,1290,21.0,48.0,79.0,-1.0,4206,79.0,4,4.02,4,303,2010-10-19,306,2,vanquish,650,False,97,47,147,15,1,0,0,0,0,0,0,1,0,0,0,0,0,0,0,0,0,0,0,0,0,0,0,0,0,0,0,0,0
301,37.0,10.0,181,6.0,31.0,36.0,-1.0,4234,-1.0,4,4.24,4,69,2012-03-22,71,2,devil-may-cry-hd-collection,586,False,27,7,36,1,1,1,0,0,0,0,0,0,0,0,0,0,0,0,0,0,0,0,0,0,0,0,0,0,0,0,0,0,0
1688,75.0,99.0,1349,12.0,34.0,119.0,-1.0,10090,75.0,4,3.75,4,260,2016-11-08,261,1,beholder,357,False,38,45,159,19,0,1,0,0,1,0,1,0,0,1,0,0,0,0,0,0,0,0,0,0,0,0,0,0,0,0,0,0,0
34,0.0,0.0,32,0.0,0.0,2.0,0.0,14762,-1.0,4,0.0,0,0,2016-11-17,0,0,magi-trials,431,False,0,0,0,0,0,1,0,1,1,0,0,0,0,0,0,0,0,0,0,0,0,0,0,0,0,0,0,0,0,0,0,0,0
115,6.0,8.0,57,3.0,32.0,9.0,-1.0,233858,-1.0,4,3.73,4,22,2019-02-08,22,0,god-eater-3,684,False,3,6,12,1,1,1,0,0,0,0,1,0,0,0,0,0,0,0,0,0,0,0,0,0,0,0,0,0,0,0,0,0,0
973,29.0,52.0,787,14.0,14.0,77.0,-1.0,47,73.0,4,3.0,3,96,2017-03-31,97,1,yooka-laylee,467,False,3,49,28,17,1,1,0,0,1,1,0,0,0,0,0,0,0,0,0,0,0,0,0,0,0,0,0,0,0,0,0,0,0
1067,95.0,34.0,840,12.0,21.0,65.0,-1.0,490,74.0,4,3.55,4,140,2016-08-30,141,1,the-turing-test,268,False,12,34,81,14,0,1,0,0,0,0,0,0,0,0,0,0,0,0,0,0,0,0,0,0,0,0,0,0,0,0,0,0,0
370,5.0,0.0,339,1.0,4.0,21.0,-1.0,17039,-1.0,4,3.65,4,17,2013-01-30,17,0,cognition-an-erica-reed-thriller,523,False,3,6,7,1,0,1,0,0,1,0,0,0,0,0,0,0,0,0,0,0,0,0,0,0,0,0,0,0,0,0,0,0,0
2840,442.0,80.0,2036,38.0,96.0,148.0,-1.0,6617,66.0,7,3.94,4,614,2016-04-05,618,4,quantum-break,507,False,161,105,320,32,1,0,0,0,0,0,0,1,0,0,0,0,0,0,0,0,0,0,0,0,0,0,0,0,0,0,0,0,0
210,30.0,8.0,145,3.0,5.0,19.0,-1.0,3188,-1.0,10,3.5,4,41,2014-09-25,42,0,danganronpa-another-episode-ultra-despair-girls,383,False,5,8,23,6,1,1,0,0,0,0,0,0,0,0,0,0,0,0,0,0,0,0,0,0,0,0,0,0,0,0,0,0,0
380,34.0,13.0,304,10.0,3.0,16.0,-1.0,45381,-1.0,5,3.88,4,63,2017-09-21,64,1,mirror,303,False,13,9,38,4,0,1,1,0,1,0,1,0,0,0,0,0,0,0,0,0,0,0,0,0,0,0,0,0,0,0,0,0,0
13,1.0,0.0,10,0.0,2.0,0.0,0.0,11240,-1.0,56,0.0,0,2,2017-07-24,2,0,the-letter-horror-visual-novel,472,False,2,0,0,0,0,1,0,0,1,0,1,0,0,0,0,0,0,0,0,0,0,0,0,0,0,0,0,0,0,0,0,0,0
4,0.0,0.0,2,0.0,1.0,1.0,0.0,12324,-1.0,0,0.0,0,0,2017-02-07,0,0,soulset,398,False,0,0,0,0,0,1,0,1,1,0,0,0,0,0,0,0,0,0,0,0,0,0,0,0,0,0,0,0,0,0,0,0,0
51,4.0,0.0,44,0.0,1.0,2.0,-1.0,16606,-1.0,5,0.0,4,5,2015-11-05,5,0,g-senjou-no-maou-the-devil-on-g-string,370,False,2,0,3,0,0,1,0,1,0,0,0,0,1,0,0,0,0,0,0,0,0,0,0,0,0,0,0,0,0,0,0,0,0
122,3.0,2.0,104,2.0,4.0,7.0,-1.0,2134,-1.0,0,3.67,4,15,2015-11-05,15,0,fairy-fencer-f-advent-dark-force,477,False,4,0,8,3,0,1,0,0,0,0,1,0,0,0,0,0,0,0,0,0,0,0,0,0,0,0,0,0,0,0,0,0,0
887,112.0,36.0,587,38.0,63.0,51.0,-1.0,13404,-1.0,5,4.33,5,186,2014-03-11,189,3,va-11-hall-a,273,False,105,15,60,9,0,1,0,0,0,0,0,0,1,0,0,0,0,0,0,0,0,0,0,0,0,0,0,0,0,0,0,0,0
560,9.0,8.0,504,2.0,5.0,32.0,-1.0,16295,55.0,3,3.27,3,26,2014-05-14,26,0,dreadout,425,False,2,12,9,3,0,1,0,0,1,0,0,0,0,0,0,0,0,0,0,0,0,0,0,0,0,0,0,0,0,0,0,0,0
163,6.0,1.0,149,0.0,1.0,6.0,-1.0,10561,-1.0,1,2.67,3,6,2016-06-14,6,0,elisa-the-innkeeper-prequel,277,False,0,5,0,1,0,1,0,1,1,0,0,0,0,0,0,0,0,0,0,0,0,0,0,0,0,0,0,0,0,0,0,0,0
404,1.0,1.0,88,1.0,271.0,42.0,-1.0,303576,-1.0,0,4.29,4,7,2020-03-30,7,0,vampire-the-masquerade-bloodlines-2,591,True,2,0,5,0,1,0,0,0,0,0,1,0,0,0,0,0,0,0,0,0,0,0,0,0,0,0,0,0,0,0,0,0,0
1710,211.0,61.0,1290,21.0,48.0,79.0,-1.0,4206,79.0,4,4.02,4,303,2010-10-19,306,2,vanquish,650,False,97,47,147,15,1,0,0,0,0,0,0,1,0,0,0,0,0,0,0,0,0,0,0,0,0,0,0,0,0,0,0,0,0
301,37.0,10.0,181,6.0,31.0,36.0,-1.0,4234,-1.0,4,4.24,4,69,2012-03-22,71,2,devil-may-cry-hd-collection,586,False,27,7,36,1,1,1,0,0,0,0,0,0,0,0,0,0,0,0,0,0,0,0,0,0,0,0,0,0,0,0,0,0,0
1688,75.0,99.0,1349,12.0,34.0,119.0,-1.0,10090,75.0,4,3.75,4,260,2016-11-08,261,1,beholder,357,False,38,45,159,19,0,1,0,0,1,0,1,0,0,1,0,0,0,0,0,0,0,0,0,0,0,0,0,0,0,0,0,0,0
34,0.0,0.0,32,0.0,0.0,2.0,0.0,14762,-1.0,4,0.0,0,0,2016-11-17,0,0,magi-trials,431,False,0,0,0,0,0,1,0,1,1,0,0,0,0,0,0,0,0,0,0,0,0,0,0,0,0,0,0,0,0,0,0,0,0
115,6.0,8.0,57,3.0,32.0,9.0,-1.0,233858,-1.0,4,3.73,4,22,2019-02-08,22,0,god-eater-3,684,False,3,6,12,1,1,1,0,0,0,0,1,0,0,0,0,0,0,0,0,0,0,0,0,0,0,0,0,0,0,0,0,0,0
973,29.0,52.0,787,14.0,14.0,77.0,-1.0,47,73.0,4,3.0,3,96,2017-03-31,97,1,yooka-laylee,467,False,3,49,28,17,1,1,0,0,1,1,0,0,0,0,0,0,0,0,0,0,0,0,0,0,0,0,0,0,0,0,0,0,0
1067,95.0,34.0,840,12.0,21.0,65.0,-1.0,490,74.0,4,3.55,4,140,2016-08-30,141,1,the-turing-test,268,False,12,34,81,14,0,1,0,0,0,0,0,0,0,0,0,0,0,0,0,0,0,0,0,0,0,0,0,0,0,0,0,0,0
370,5.0,0.0,339,1.0,4.0,21.0,-1.0,17039,-1.0,4,3.65,4,17,2013-01-30,17,0,cognition-an-erica-reed-thriller,523,False,3,6,7,1,0,1,0,0,1,0,0,0,0,0,0,0,0,0,0,0,0,0,0,0,0,0,0,0,0,0,0,0,0
2840,442.0,80.0,2036,38.0,96.0,148.0,-1.0,6617,66.0,7,3.94,4,614,2016-04-05,618,4,quantum-break,507,False,161,105,320,32,1,0,0,0,0,0,0,1,0,0,0,0,0,0,0,0,0,0,0,0,0,0,0,0,0,0,0,0,0
24,4.0,0.0,17.0,1.0,1.0,1.0,-1.0,64170,-1.0,4,0.0,4,5,2018-05-22,5,0,scalak,60,False,0,2,3,0,0,0,0,0,1,1,1,0,1,0,0,0,0,0,0,0,0,0,0,0,0,0,0,0,0,0,0,0,0,0,0
20,1.0,1.0,15.0,1.0,2.0,0.0,0.0,8697,-1.0,1,0.0,0,3,2017-02-02,3,0,causality,173,False,0,1,2,0,0,1,0,0,1,0,1,0,1,0,0,0,0,0,0,0,0,0,0,0,0,0,0,0,0,0,0,0,0,0,0
45,0.0,0.0,44.0,0.0,0.0,1.0,0.0,21550,-1.0,2,0.0,0,3,2014-07-22,3,0,logigun,118,False,0,1,1,1,0,0,0,0,1,0,1,0,0,0,0,0,0,0,0,0,0,0,0,0,0,0,0,0,0,0,0,0,0,0,0
2,0.0,0.0,2.0,0.0,0.0,0.0,0.0,47483,-1.0,0,0.0,0,0,2017-11-01,0,0,aurorabound-deluxe,166,False,0,0,0,0,0,0,0,1,1,0,1,0,1,1,0,0,0,0,0,0,0,0,0,0,0,0,0,0,0,0,0,0,0,0,0
67,0.0,2.0,63.0,0.0,0.0,2.0,0.0,13150,-1.0,4,0.0,0,3,2016-02-12,3,0,snakescape,238,False,0,2,1,0,0,1,0,0,1,0,1,0,0,0,0,0,0,0,0,0,0,0,0,0,0,0,0,0,0,0,0,0,0,0,0
7,0.0,0.0,6.0,0.0,1.0,0.0,0.0,21275,-1.0,8,0.0,0,0,2015-08-19,0,0,init,171,False,0,0,0,0,1,1,0,0,1,0,1,0,0,0,0,1,0,0,0,0,0,0,0,0,0,0,0,0,0,0,0,0,0,0,0
42,0.0,1.0,39.0,0.0,1.0,1.0,0.0,12513,-1.0,4,0.0,0,1,2015-06-22,1,0,electric-circuit,129,False,0,1,0,0,0,0,0,0,1,0,1,0,0,0,0,0,0,0,0,0,0,0,0,0,0,0,0,0,0,0,0,0,0,0,0
6,0.0,0.0,5.0,0.0,1.0,0.0,0.0,23686,-1.0,1,0.0,0,0,2017-05-30,0,0,yankais-peak,84,False,0,0,0,0,0,0,0,1,0,0,1,0,1,0,0,0,0,0,0,0,0,0,0,0,0,0,0,0,0,0,0,0,0,0,0
3,0.0,0.0,2.0,0.0,1.0,0.0,0.0,47218,-1.0,0,0.0,0,0,2017-10-12,0,0,geometrypuzzler,44,False,0,0,0,0,0,0,0,0,1,0,1,0,0,0,0,0,0,0,0,0,0,0,0,0,0,0,0,0,0,0,0,0,0,0,0
42,1.0,1.0,38.0,0.0,1.0,1.0,0.0,11620,-1.0,4,0.0,0,2,2017-03-17,2,0,permute,43,False,1,0,0,1,0,0,0,0,1,0,1,0,0,0,0,0,0,0,0,0,0,0,0,0,0,0,0,0,0,0,0,0,0,0,0
61,0.0,0.0,60.0,0.0,1.0,0.0,0.0,13559,-1.0,4,0.0,0,1,2016-10-11,1,0,puzzle-cube,52,False,0,0,0,1,0,0,0,0,1,0,1,0,0,0,0,0,0,0,0,0,0,0,0,0,0,0,0,0,0,0,0,0,0,0,0
13,0.0,0.0,12.0,0.0,1.0,0.0,0.0,15033,-1.0,0,0.0,0,0,2016-09-13,0,0,vex,297,False,0,0,0,0,0,1,0,0,1,0,1,0,0,0,0,1,0,0,0,0,0,0,0,0,0,0,0,0,0,0,0,0,0,0,0
108,5.0,0.0,98.0,2.0,1.0,2.0,-1.0,2899,-1.0,4,3.0,4,6,2016-03-17,7,0,mimpi-dreams,173,False,1,2,2,2,0,1,0,0,1,0,1,1,1,0,0,0,0,0,0,0,0,0,0,0,0,0,0,0,0,0,0,0,0,0,0
3,0.0,0.0,3.0,0.0,0.0,0.0,0.0,64138,-1.0,0,0.0,0,0,2018-06-12,0,0,contact-draw-football,77,False,0,0,0,0,0,1,0,0,1,0,1,0,0,0,1,0,0,0,0,0,0,0,0,0,0,0,0,0,0,0,0,0,0,0,0
308,1.0,3.0,295.0,0.0,1.0,8.0,-1.0,17315,-1.0,4,1.5,1,11,2016-05-04,12,0,escape-this,42,False,0,3,0,9,0,0,0,0,1,0,1,0,0,0,0,1,0,0,0,0,0,0,0,0,0,0,0,0,0,0,0,0,0,0,0
291,3.0,3.0,271.0,3.0,1.0,10.0,-1.0,17449,-1.0,1,3.0,4,14,2016-10-07,14,0,thoth,63,False,2,4,4,4,1,0,0,0,0,0,1,0,0,0,0,0,0,0,0,0,0,0,0,0,0,0,0,0,0,0,0,0,0,0,0
4,1.0,1.0,0.0,0.0,2.0,0.0,0.0,6691,-1.0,0,0.0,0,0,2015-01-21,0,0,skyward,96,False,0,0,0,0,1,0,1,0,1,0,1,0,0,0,0,0,0,0,0,0,0,0,0,0,0,0,0,0,0,0,0,0,0,0,0
4,0.0,0.0,3.0,0.0,1.0,0.0,0.0,47497,-1.0,2,0.0,0,0,2017-10-18,0,0,ju,61,False,0,0,0,0,0,0,0,0,0,0,1,0,0,0,0,0,0,0,0,0,0,0,0,0,0,0,0,0,0,0,0,0,0,0,0
82,5.0,2.0,70.0,0.0,0.0,5.0,-1.0,16971,83.0,1,4.17,5,6,2014-05-30,6,0,the-floor-is-jelly,83,False,3,2,1,0,0,0,0,0,0,0,1,0,0,0,0,0,0,0,0,0,0,0,0,0,0,0,0,0,0,0,0,0,0,0,0
34,9.0,2.0,21.0,0.0,0.0,2.0,-1.0,5614,-1.0,7,3.6,3,10,2008-11-04,10,0,madagascar-escape-2-africa,467,False,1,5,4,0,0,0,1,1,0,1,0,0,0,0,0,0,0,0,0,0,0,0,0,0,0,0,0,0,0,0,0,0
57,12.0,2.0,41.0,1.0,1.0,0.0,-1.0,24883,-1.0,0,3.36,3,11,2007-05-08,11,0,shrek-the-third,539,False,1,8,2,0,1,0,1,1,0,1,0,0,0,0,0,0,0,0,0,0,0,0,0,0,0,0,0,0,0,0,0,0
19,3.0,0.0,16.0,0.0,0.0,0.0,0.0,5635,-1.0,0,0.0,0,3,2009-03-24,3,0,monsters-vs-aliens,417,False,0,1,2,0,1,0,0,1,0,1,0,0,0,0,0,0,0,0,0,0,0,0,0,0,0,0,0,0,0,0,0,0
15,9.0,1.0,3.0,1.0,1.0,0.0,-1.0,24932,-1.0,0,3.75,4,8,2006-05-05,8,0,over-the-hedge,334,False,0,2,6,0,1,0,1,0,0,0,0,1,0,0,0,0,0,0,0,0,0,0,0,0,0,0,0,0,0,0,0,0
2,1.0,0.0,1.0,0.0,0.0,0.0,0.0,41037,-1.0,0,0.0,0,0,2011-09-06,0,0,the-penguins-of-madagascar-dr-blowhole-returns-aga,391,False,0,0,0,0,0,0,1,0,0,1,0,0,0,0,0,0,0,0,0,0,0,0,0,0,0,0,0,0,0,0,0,0
37,3.0,1.0,32.0,0.0,1.0,0.0,-1.0,40185,-1.0,2,3.29,3,7,2010-05-18,7,0,shrek-forever-after,525,False,2,4,0,1,1,0,1,1,0,0,0,0,0,0,0,0,0,0,0,0,0,0,0,0,0,0,0,0,0,0,0,0
8,0.0,0.0,7.0,0.0,1.0,0.0,0.0,40268,-1.0,1,0.0,0,0,2011-01-28,0,0,crasher,555,False,0,0,0,0,1,0,1,1,0,0,1,1,0,0,0,0,0,0,0,0,0,0,0,0,0,0,0,0,0,0,0,0
7,2.0,0.0,4.0,0.0,1.0,0.0,0.0,24269,-1.0,0,0.0,0,3,2011-11-01,3,0,generator-rex-agent-of-providence,505,False,2,0,1,0,0,0,1,0,0,0,0,0,0,0,0,0,0,0,0,0,0,0,0,0,0,0,0,0,0,0,0,0
12,0.0,0.0,11.0,0.0,1.0,0.0,0.0,28996,-1.0,0,0.0,0,0,2011-11-01,0,0,dreamworks-kartz,198,False,0,0,0,0,0,0,0,1,0,0,0,0,0,0,0,0,0,0,0,0,0,0,0,0,0,0,0,0,0,0,0,0
7,0.0,0.0,6.0,0.0,1.0,0.0,0.0,24147,-1.0,0,0.0,0,0,2011-11-15,0,0,dreamworks-super-star-kartz,495,False,0,0,0,0,0,0,1,0,0,0,0,1,0,0,0,0,0,0,0,0,0,0,0,0,0,0,0,0,0,0,0,0
2023,507.0,66.0,1408.0,6.0,12.0,24.0,-1.0,5528,83.0,6,3.92,4,446,2008-11-05,447,1,call-of-duty-world-at-war,634,False,92,84,256,15,1,0,0,0,0,0,0,0,1,0,0,0,0,0,0,0,0,0,0,0,0,0,0,0,0,0,0,0
2,0.0,0.0,0.0,0.0,2.0,0.0,0.0,35438,-1.0,0,0.0,0,0,2005-11-12,0,0,chicken-attack,202,False,0,0,0,0,0,0,1,0,0,0,0,0,0,0,0,0,0,0,0,0,0,0,0,0,0,0,0,0,0,0,0,0
3,1.0,0.0,1.0,0.0,1.0,0.0,0.0,306023,-1.0,0,0.0,0,2,2005-11-12,2,0,revenge-of-the-chicken-2,147,False,1,0,1,0,0,0,1,0,0,0,0,0,0,0,0,0,0,0,0,0,0,0,0,0,0,0,0,0,0,0,0,0
416,20.0,23.0,366.0,1.0,3.0,3.0,-1.0,42234,-1.0,2,3.29,4,42,2013-06-11,42,0,tekken-revolution,517,False,1,16,20,5,0,0,1,0,1,0,0,0,0,0,0,0,0,0,0,0,0,0,0,0,0,0,0,0,0,0,0,0
53,3.0,0.0,49.0,0.0,1.0,0.0,-1.0,26699,-1.0,0,0.0,5,5,2011-05-24,5,0,kung-fu-panda-2,359,False,2,1,1,1,1,0,1,0,0,0,0,0,0,0,0,0,0,0,0,0,0,0,0,0,0,0,0,0,0,0,0,0
1,0.0,1.0,0.0,0.0,0.0,0.0,0.0,253237,-1.0,0,0.0,0,1,2010-01-01,1,0,chicken-attack-deluxe,40,False,0,1,0,0,0,0,1,0,0,0,0,0,0,0,0,0,0,0,0,0,0,0,0,0,0,0,0,0,0,0,0,0
19,10.0,1.0,4.0,0.0,3.0,1.0,-1.0,37451,-1.0,6,3.5,4,10,2008-02-26,10,0,lost-via-domus-2,552,False,1,3,5,1,0,1,1,0,0,0,0,0,0,0,0,0,0,0,0,0,0,0,0,0,0,0,0,0,0,0,0,0
366,13.0,23.0,319.0,2.0,0.0,9.0,-1.0,28315,-1.0,0,3.07,3,44,2010-07-15,45,1,viva-pinata-tip,333,False,6,18,11,10,0,0,0,1,0,0,0,0,0,0,0,0,0,0,0,0,0,0,0,0,0,0,0,0,0,0,0,0
2,0.0,0.0,0.0,0.0,2.0,0.0,0.0,36644,-1.0,0,0.0,0,0,2004-11-11,0,0,machinehell,488,False,0,0,0,0,0,0,1,0,0,0,0,0,0,0,0,0,0,0,0,0,0,0,0,0,0,0,0,0,0,0,0,0
16,2.0,0.0,14.0,0.0,0.0,0.0,0.0,20705,-1.0,4,0.0,0,3,2015-11-20,3,0,zero-punctuation-hatfall-hatters-gonna-hat-edition,103,False,1,1,0,1,1,0,0,0,0,0,0,0,0,0,0,0,0,0,0,0,0,0,0,0,0,0,0,0,0,0,0,0,0,0,0,0,0
198,28.0,5.0,151.0,2.0,2.0,10.0,-1.0,23668,-1.0,3,3.89,4,34,2017-05-31,35,1,deep-space-waifu,269,False,8,6,19,2,1,0,0,1,0,0,1,0,0,0,0,0,0,0,0,0,0,0,0,0,0,0,0,0,0,0,0,0,0,0,0,0,0
17,0.0,0.0,17.0,0.0,0.0,0.0,0.0,22533,-1.0,3,0.0,0,2,2017-04-28,2,0,river-city-melee-battle-royal-special,304,False,1,1,0,0,1,1,0,0,0,0,0,0,0,0,0,0,1,0,0,0,0,0,0,0,0,0,0,0,0,0,0,0,0,0,0,0,0
2362,323.0,154.0,1778.0,11.0,15.0,81.0,-1.0,1140,90.0,1,4.05,4,386,2008-10-13,387,1,world-of-goo,206,False,107,46,220,14,0,0,0,0,1,1,1,0,1,0,0,0,0,1,0,0,0,0,0,0,0,0,0,0,0,0,0,0,0,0,0,0,0
200,0.0,4.0,191.0,0.0,1.0,4.0,-1.0,18115,-1.0,4,1.89,1,9,2016-09-23,9,0,8infinity,98,False,0,4,0,5,1,0,0,1,0,0,1,0,0,0,0,0,0,0,0,0,0,0,0,0,0,0,0,0,0,0,0,0,0,0,0,0,0
90,0.0,0.0,82.0,0.0,0.0,8.0,0.0,11581,-1.0,4,0.0,0,1,2016-07-11,1,0,lion-quest,121,False,0,0,0,1,1,1,0,0,0,0,1,0,0,0,0,0,0,0,0,0,0,0,0,0,0,0,0,0,0,0,0,0,0,0,0,0,0
19,0.0,1.0,17.0,0.0,1.0,0.0,0.0,12837,-1.0,6,0.0,0,1,2016-10-13,1,0,polygod,285,False,0,1,0,0,1,0,0,0,0,0,1,0,0,0,0,0,0,1,0,0,0,0,0,0,0,0,0,0,0,0,0,0,0,0,0,0,0
65,2.0,2.0,56.0,0.0,1.0,4.0,0.0,20863,-1.0,4,0.0,0,1,2015-06-04,1,0,supercharged-robot-vulkaiser,309,False,0,0,1,0,1,0,0,0,0,0,1,0,0,0,0,0,0,0,0,0,0,0,0,0,0,0,0,0,0,0,0,0,0,0,0,0,0
164,1.0,1.0,157.0,0.0,1.0,4.0,0.0,15810,-1.0,4,0.0,0,4,2016-07-05,4,0,take-thy-throne,292,False,0,0,0,4,1,1,0,1,0,0,1,1,0,0,0,0,0,1,0,0,0,0,0,0,0,0,0,0,0,0,0,0,0,0,0,0,0
199,4.0,1.0,184.0,0.0,1.0,9.0,0.0,2837,66.0,3,0.0,0,2,2015-04-09,2,0,albedo-eyes-from-outer-space,574,False,0,2,0,0,1,1,0,0,0,0,1,0,0,0,0,0,0,0,0,0,0,0,0,0,0,0,0,0,0,0,0,0,0,0,0,0,0
1,0.0,0.0,1.0,0.0,0.0,0.0,0.0,51974,-1.0,0,0.0,0,0,2018-02-02,0,0,asteroid-girl,140,False,0,0,0,0,1,0,0,0,0,0,1,0,0,0,0,0,0,0,0,0,0,0,0,0,0,0,0,0,0,0,0,0,0,0,0,0,0
11,0.0,0.0,9.0,0.0,2.0,0.0,0.0,20293,-1.0,1,0.0,0,0,2015-08-13,0,0,c-wars,276,False,0,0,0,0,1,0,0,0,0,0,1,0,0,1,0,0,0,1,0,0,0,0,0,0,0,0,0,0,0,0,0,0,0,0,0,0,0
15,0.0,0.0,15.0,0.0,0.0,0.0,0.0,63942,-1.0,0,0.0,0,0,2016-09-15,0,0,cross-and-crush,109,False,0,0,0,0,1,1,1,1,0,0,0,0,0,0,1,0,0,0,0,0,0,0,0,0,0,0,0,0,0,0,0,0,0,0,0,0,0
307,58.0,15.0,193.0,3.0,12.0,26.0,-1.0,1086,-1.0,5,4.03,4,59,2008-07-22,60,0,final-fantasy-iv,384,False,17,6,34,3,0,0,0,0,0,0,0,0,0,1,0,0,0,0,0,0,0,0,0,0,0,0,0,0,0,0,0,0,0,0,0,0,0
28,0.0,0.0,26.0,0.0,1.0,1.0,0.0,5887,-1.0,4,0.0,0,0,2015-12-18,0,0,swapperoo,75,False,0,0,0,0,0,0,0,1,0,1,1,0,1,0,0,0,0,0,0,0,0,0,0,0,0,0,0,0,0,0,0,0,0,0,0,0,0
2,0.0,0.0,2.0,0.0,0.0,0.0,0.0,51133,-1.0,0,0.0,0,0,2018-01-05,0,0,my-little-bomb,56,False,0,0,0,0,0,0,0,1,0,0,1,0,0,0,0,1,0,0,0,0,0,0,0,0,0,0,0,0,0,0,0,0,0,0,0,0,0
2,0.0,0.0,1.0,0.0,1.0,0.0,0.0,17208,-1.0,0,0.0,0,0,2016-10-26,0,0,the-tower-last-stand,362,False,0,0,0,0,1,0,0,0,0,0,1,0,0,0,0,1,0,0,0,0,0,0,0,0,0,0,0,0,0,0,0,0,0,0,0,0,0
21,0.0,0.0,21.0,0.0,0.0,0.0,0.0,28047,-1.0,2,0.0,0,1,2017-06-21,1,0,super-sports-surgery,193,False,0,0,1,0,0,0,0,1,0,0,1,0,0,0,0,1,0,0,0,0,0,0,0,0,0,0,0,0,0,0,0,0,0,0,0,0,0
1,0.0,1.0,0.0,0.0,0.0,0.0,0.0,383645,-1.0,0,0.0,0,0,none,0,0,fulfillment-2,126,False,0,0,0,0,1,1,0,1,0,0,1,0,0,0,0,0,0,0,0,0,0,0,0,0,0,0,0,0,0,0,0,0,0,0,0,0,0
1,0.0,0.0,0.0,0.0,1.0,0.0,0.0,305223,-1.0,0,0.0,0,0,2019-03-30,0,0,six-shootin-cats,65,False,0,0,0,0,0,0,0,0,0,0,0,0,1,0,0,0,0,0,0,0,0,0,0,0,0,0,0,0,0,0,0,0,0,0
117,1.0,1.0,114.0,0.0,1.0,0.0,0.0,21042,-1.0,1,0.0,0,3,2015-06-19,3,0,trip,216,False,0,3,0,0,1,1,0,1,1,0,0,0,1,0,1,0,0,0,0,0,0,0,0,0,0,0,0,0,0,0,0,0,0,0
4,0.0,0.0,2.0,0.0,1.0,1.0,0.0,49265,-1.0,2,0.0,0,0,2017-11-17,0,0,battle-rap-simulator,109,False,0,0,0,0,0,0,0,0,1,0,0,0,1,0,0,0,0,0,0,0,0,0,0,0,0,0,0,0,0,0,0,0,0,0
8,0.0,0.0,7.0,0.0,1.0,0.0,0.0,18209,-1.0,4,0.0,0,1,2016-06-22,1,0,aiball,108,False,0,0,1,0,1,1,0,1,1,0,0,0,1,1,0,0,0,0,0,0,0,0,0,0,0,0,0,0,0,0,0,0,0,0
1,1.0,0.0,0.0,0.0,0.0,0.0,0.0,236791,-1.0,0,0.0,0,1,2018-09-24,1,0,hentai-the-shell-game,64,False,0,0,0,1,0,0,0,1,1,0,0,1,1,0,0,0,0,0,0,0,0,0,0,0,0,0,0,0,0,0,0,0,0,0
3,0.0,0.0,2.0,0.0,1.0,0.0,0.0,22150,-1.0,0,0.0,0,0,2017-04-18,0,0,schlocks,99,False,0,0,0,0,0,0,0,1,1,0,0,0,1,0,0,0,0,0,0,0,0,0,0,0,0,0,0,0,0,0,0,0,0,0
1,0.0,0.0,0.0,0.0,1.0,0.0,0.0,34490,-1.0,0,0.0,0,0,2000-01-01,0,0,furthertime,241,False,0,0,0,0,0,0,0,0,0,0,0,0,1,0,0,0,0,0,0,0,0,0,0,0,0,0,0,0,0,0,0,0,0,0
1,0.0,0.0,0.0,0.0,1.0,0.0,0.0,327220,-1.0,0,0.0,0,0,none,0,0,lucifer-within-us,293,True,0,0,0,0,0,0,0,0,1,0,1,0,1,0,0,0,0,0,0,0,0,0,0,0,0,0,0,0,0,0,0,0,0,0
8,0.0,0.0,8.0,0.0,0.0,0.0,0.0,47339,-1.0,0,0.0,0,0,2017-10-05,0,0,melody,263,False,0,0,0,0,0,0,0,0,1,0,0,0,1,0,0,0,0,0,0,0,0,0,0,0,0,0,0,0,0,0,0,0,0,0
72,0.0,0.0,69.0,0.0,0.0,3.0,-1.0,269448,-1.0,1,1.33,1,6,2018-12-13,6,0,vr-paradise,328,False,0,1,0,5,0,0,0,0,1,0,0,0,1,0,0,0,0,0,0,0,0,0,0,0,0,0,0,0,0,0,0,0,0,0
1,0.0,0.0,1.0,0.0,0.0,0.0,0.0,269378,-1.0,0,0.0,0,0,2018-12-22,0,0,they-that-feast,259,False,0,0,0,0,1,1,0,0,1,0,0,0,0,0,0,0,0,0,0,0,0,0,0,0,0,0,0,0,0,0,0,0,0,0
372,20.0,7.0,312.0,3.0,6.0,24.0,-1.0,9690,70.0,4,3.11,4,36,2017-04-24,36,0,pinstripe,477,False,1,9,18,8,0,1,0,1,1,1,1,0,0,0,0,0,0,0,0,0,0,0,0,0,0,0,0,0,0,0,0,0,0,0
31,1.0,0.0,30.0,0.0,0.0,0.0,0.0,64508,-1.0,1,0.0,0,1,2018-05-23,1,0,abstract-golfing,57,False,1,0,0,0,0,1,0,1,1,0,0,0,0,0,0,0,0,0,0,0,0,0,0,0,0,0,0,0,0,0,0,0,0,0
17,0.0,0.0,16.0,0.0,1.0,0.0,0.0,15999,-1.0,3,0.0,0,0,2016-11-23,0,0,rebound,68,False,0,0,0,0,1,0,1,0,1,0,0,0,0,0,0,0,0,0,0,0,0,0,0,0,0,0,0,0,0,0,0,0,0,0
1,0.0,0.0,1.0,0.0,0.0,0.0,0.0,17181,-1.0,0,0.0,0,0,2016-10-28,0,0,the-hateful-dead,315,False,0,0,0,0,1,0,0,0,1,0,0,0,0,0,0,0,0,0,0,0,0,0,0,0,0,0,0,0,0,0,0,0,0,0
2,1.0,0.0,0.0,1.0,0.0,0.0,0.0,50470,-1.0,0,0.0,0,1,2017-11-28,1,0,hoppenhelm,88,False,0,1,0,0,1,0,1,1,0,0,0,0,0,0,0,0,0,0,0,0,0,0,0,0,0,0,0,0,0,0,0,0,0,0
2,0.0,1.0,0.0,1.0,0.0,0.0,0.0,6722,-1.0,0,0.0,0,0,2015-10-08,0,0,super-sharp,62,False,0,0,0,0,1,0,0,0,0,0,1,0,0,0,0,0,0,0,0,0,0,0,0,0,0,0,0,0,0,0,0,0,0,0
20,0.0,0.0,20.0,0.0,0.0,0.0,0.0,20262,-1.0,4,0.0,0,0,2015-11-13,0,0,parallels,58,False,0,0,0,0,1,1,1,1,1,0,0,0,0,0,0,0,0,0,0,0,0,0,0,0,0,0,0,0,0,0,0,0,0,0
2,0.0,2.0,0.0,0.0,0.0,0.0,0.0,7643,-1.0,0,0.0,0,1,2015-02-04,1,0,zigzag,34,False,0,1,0,0,1,0,1,1,0,0,0,0,0,0,0,0,0,0,0,0,0,0,0,0,0,0,0,0,0,0,0,0,0,0
24,0.0,1.0,21.0,0.0,1.0,1.0,0.0,12971,-1.0,1,0.0,0,0,2017-02-07,0,0,induction,40,False,0,0,0,0,0,0,0,0,0,0,1,0,0,0,0,0,0,0,0,0,0,0,0,0,0,0,0,0,0,0,0,0,0,0,0,0
25,1.0,0.0,20.0,0.0,1.0,3.0,0.0,58110,-1.0,1,0.0,0,2,2018-03-28,2,0,umiro,170,False,1,0,0,1,0,1,0,0,0,0,1,0,1,0,0,0,1,0,0,0,0,0,0,0,0,0,0,0,0,0,0,0,0,0,0,0
109,20.0,6.0,30.0,2.0,31.0,20.0,-1.0,272448,-1.0,2,3.95,4,20,2019-01-03,20,0,pikuniku-2,115,False,4,2,13,1,1,1,0,0,1,0,1,1,0,0,0,0,0,0,0,0,0,0,0,0,0,0,0,0,0,0,0,0,0,0,0,0
156,1.0,0.0,150.0,0.0,1.0,4.0,0.0,1389,-1.0,3,0.0,0,3,2014-04-08,3,0,david,122,False,0,0,1,2,1,0,1,0,0,0,1,0,0,0,0,0,0,0,0,0,0,0,0,0,0,0,0,0,0,0,0,0,0,0,0,0
17,0.0,0.0,17.0,0.0,0.0,0.0,0.0,43741,-1.0,3,0.0,0,1,2017-06-21,1,0,cubiques,84,False,0,0,0,1,1,0,0,0,0,1,1,0,1,0,0,0,0,0,0,0,0,0,0,0,0,0,0,0,0,0,0,0,0,0,0,0
35,4.0,1.0,28.0,0.0,0.0,2.0,-1.0,10760,-1.0,3,0.0,4,5,2017-03-28,5,0,majotori,109,False,0,2,3,0,0,1,0,0,1,0,1,0,0,0,0,0,0,0,0,0,0,0,0,0,0,0,0,0,0,0,0,0,0,0,0,0
1,0.0,0.0,0.0,1.0,0.0,0.0,0.0,376915,-1.0,0,0.0,0,1,2019-11-07,1,0,voxelgram,55,False,0,0,1,0,0,0,0,0,1,0,1,0,0,0,0,0,0,0,0,0,0,0,0,0,0,0,0,0,0,0,0,0,0,0,0,0
4,4.0,0.0,0.0,0.0,0.0,0.0,0.0,21846,87.0,0,0.0,0,2,2017-04-20,2,0,vignettes,107,False,1,0,1,0,0,1,0,0,1,0,1,0,1,0,0,0,0,0,0,0,0,0,0,0,0,0,0,0,0,0,0,0,0,0,0,0
297,4.0,10.0,262.0,0.0,2.0,19.0,-1.0,2586,-1.0,3,2.78,4,9,2016-04-01,9,0,stikbold-a-dodgeball-adventure,279,False,0,2,4,3,1,1,0,0,0,0,1,0,0,0,0,1,0,0,0,0,0,0,0,0,0,0,0,0,0,0,0,0,0,0,0,0
6,0.0,0.0,5.0,0.0,1.0,0.0,0.0,17051,-1.0,0,0.0,0,0,2016-07-11,0,0,slam,103,False,0,0,0,0,0,0,0,0,1,0,1,0,0,0,0,0,1,0,0,0,0,0,0,0,0,0,0,0,0,0,0,0,0,0,0,0
80,1.0,0.0,74.0,0.0,1.0,4.0,0.0,18426,-1.0,4,0.0,0,4,2016-08-01,4,0,color-syndrome,281,False,0,0,0,4,0,0,0,0,1,0,1,0,0,0,0,0,1,0,0,0,0,0,0,0,0,0,0,0,0,0,0,0,0,0,0,0
23,0.0,0.0,21.0,0.0,1.0,1.0,0.0,45325,-1.0,0,0.0,0,0,2017-08-03,0,0,neo-angle,94,False,0,0,0,0,0,0,0,1,1,0,1,0,1,0,0,0,1,0,0,0,0,0,0,0,0,0,0,0,0,0,0,0,0,0,0,0
14,0.0,0.0,14.0,0.0,0.0,0.0,0.0,22342,-1.0,20,0.0,0,1,2017-04-07,1,0,gorb,75,False,0,1,0,0,0,0,0,0,1,0,1,0,0,0,1,0,1,0,0,0,0,0,0,0,0,0,0,0,0,0,0,0,0,0,0,0
30,2.0,2.0,26.0,0.0,0.0,0.0,0.0,3256,70.0,1,0.0,0,1,2014-10-20,1,0,poltergeist-a-pixelated-horror,289,False,0,0,1,0,0,0,0,0,1,0,1,0,0,0,0,0,0,0,0,0,0,0,0,0,0,0,0,0,0,0,0,0,0,0,0,0
10,0.0,0.0,9.0,0.0,1.0,0.0,0.0,65109,-1.0,0,0.0,0,0,2018-03-01,0,0,box-align,68,False,0,0,0,0,0,0,0,0,1,0,1,0,0,0,0,0,0,0,0,0,0,0,0,0,0,0,0,0,0,0,0,0,0,0,0,0
56,0.0,0.0,55.0,0.0,1.0,0.0,0.0,17017,-1.0,2,0.0,0,1,2015-01-29,1,0,bret-airborne,104,False,0,1,0,0,0,0,0,0,1,0,1,0,0,1,0,0,0,0,0,0,0,0,0,0,0,0,0,0,0,0,0,0,0,0,0,0
1,0.0,0.0,1.0,0.0,0.0,0.0,0.0,14673,-1.0,0,0.0,0,0,2016-07-22,0,0,puzzle-blocks,109,False,0,0,0,0,0,1,0,0,1,0,1,0,0,0,0,0,0,0,0,0,0,0,0,0,0,0,0,0,0,0,0,0,0,0,0,0
135,5.0,3.0,122.0,1.0,0.0,4.0,-1.0,290066,-1.0,1,3.44,4,9,2019-02-18,9,0,coloring-game-2,48,False,1,3,4,1,0,0,0,0,1,0,1,0,0,0,0,0,0,0,0,0,0,0,0,0,0,0,0,0,0,0,0,0,0,0,0,0
2,0.0,0.0,2.0,0.0,0.0,0.0,0.0,64447,-1.0,0,0.0,0,0,2018-04-24,0,0,free-road,34,False,0,0,0,0,0,0,0,0,1,0,1,0,0,0,0,0,0,0,0,0,0,0,0,0,0,0,0,0,0,0,0,0,0,0,0,0
14,8.0,4.0,2.0,0.0,0.0,0.0,-1.0,52856,-1,0,3.14,4,7,1997-10-09,7,0,dead-or-alive,339,False,0,3,3,1,0,0,0,1,0,0,0,0,0,0,0,0,0,0,0,0,0,0,0,0,0,0,0
281,17.0,14.0,249.0,0.0,0.0,1.0,-1.0,28501,-1,19,3.58,4,36,2008-01-01,36,0,dead-or-alive-4,562,False,5,11,17,3,0,0,0,1,0,0,0,0,0,0,0,0,0,0,0,0,0,0,0,0,0,0,0
18,7.0,5.0,3.0,0.0,3.0,0.0,-1.0,57244,-1,0,3.7,4,10,1995-10-30,10,0,virtua-fighter-2-1995,340,False,1,4,5,0,0,0,0,1,0,0,0,0,0,0,0,0,0,0,0,0,0,0,0,0,0,0,0
6,3.0,1.0,0.0,0.0,2.0,0.0,0.0,52897,-1,0,0.0,0,2,1997-02-28,2,0,dynasty-warriors-1997,309,False,0,1,0,1,0,0,0,1,0,0,0,0,0,0,0,0,0,0,0,0,0,0,0,0,0,0,0
51,3.0,3.0,38.0,0.0,2.0,5.0,-1.0,54260,-1,0,0.0,1,5,1993-09-16,5,0,fatal-fury-special-1993,364,False,1,1,1,2,0,0,0,1,0,0,0,0,0,0,0,0,0,0,0,0,0,0,0,0,0,0,0
4,0.0,0.0,2.0,0.0,2.0,0.0,0.0,52976,-1,0,0.0,0,1,1995-01-24,1,0,galaxy-fight-universal-warriors,313,False,0,0,1,0,0,0,0,1,0,0,0,0,0,0,0,0,0,0,0,0,0,0,0,0,0,0,0
3,1.0,0.0,0.0,0.0,2.0,0.0,0.0,53953,-1,0,0.0,0,0,1986-04-24,0,0,mighty-bomb-jack-1986,347,False,0,0,0,0,0,0,0,0,0,0,0,0,0,0,0,0,0,0,0,0,0,0,0,0,0,0,0
184,49.0,18.0,108.0,0.0,5.0,4.0,-1.0,3802,-1,5,3.81,4,52,1987-08-01,52,0,double-dragon,413,False,6,7,36,3,1,0,1,1,0,0,0,0,0,0,0,0,0,0,0,0,0,0,0,0,0,0,0
140,30.0,12.0,92.0,1.0,3.0,2.0,-1.0,54751,-1,6,4.35,4,34,1998-07-30,34,0,soulcalibur,550,False,15,3,16,0,1,0,0,1,0,0,0,0,0,0,0,0,0,0,0,0,0,0,0,0,0,0,0
19,5.0,5.0,6.0,1.0,2.0,0.0,-1.0,53070,-1,0,3.92,4,12,1997-07-28,12,0,the-king-of-fighters-97-1997,302,False,3,1,7,1,0,0,0,1,0,0,0,0,0,0,0,0,0,0,0,0,0,0,0,0,0,0,0
152,90.0,29.0,25.0,2.0,3.0,3.0,-1.0,29426,-1,0,4.17,4,92,1993-06-25,92,0,mortal-kombat-2,471,False,24,8,60,0,0,0,1,1,0,0,0,0,0,0,0,0,0,0,0,0,0,0,0,0,0,0,0
2,0.0,0.0,0.0,0.0,2.0,0.0,0.0,54399,-1,0,0.0,0,0,1998-03-26,0,0,gasp-fighters-nextream,342,False,0,0,0,0,0,0,0,1,0,0,0,0,0,0,0,0,0,0,0,0,0,0,0,0,0,0,0
3,0.0,1.0,0.0,0.0,2.0,0.0,0.0,281858,-1,0,0.0,0,0,2002-07-25,0,0,giogios-bizarre-adventure,310,False,0,0,0,0,1,1,0,1,0,0,0,0,0,0,0,0,0,0,0,0,0,0,0,0,0,0,0
9,1.0,5.0,2.0,0.0,1.0,0.0,0.0,264728,-1,0,0.0,0,3,2003-11-11,3,0,bloody-roar-4,240,False,0,2,1,0,0,0,0,1,0,0,0,0,0,0,0,0,0,0,0,0,0,0,0,0,0,0,0
416,20.0,23.0,366.0,1.0,3.0,3.0,-1.0,42234,-1,2,3.29,4,42,2013-06-11,42,0,tekken-revolution,517,False,1,16,20,5,0,0,1,1,0,0,0,0,0,0,0,0,0,0,0,0,0,0,0,0,0,0,0
1,0.0,0.0,0.0,0.0,1.0,0.0,0.0,334356,-1,0,0.0,0,0,2002-11-11,0,0,kakuto-chojin-back-alley-brutal,170,False,0,0,0,0,0,0,1,1,0,0,0,0,0,0,0,0,0,0,0,0,0,0,0,0,0,0,0
1,0.0,0.0,0.0,0.0,1.0,0.0,0.0,185278,-1,0,0.0,0,0,2018-01-14,0,0,manchild-with-a-hammer,26,False,0,0,0,0,1,0,0,1,0,0,0,0,0,0,0,0,0,0,0,0,0,0,0,0,0,0,0
4,1.0,0.0,0.0,0.0,3.0,0.0,0.0,57154,-1,0,0.0,0,0,1990-07-06,0,0,rastan-saga-ii,445,False,0,0,0,0,0,0,0,0,0,0,0,0,0,0,0,0,0,0,0,0,0,0,0,0,0,0,0
1,0.0,0.0,0.0,0.0,1.0,0.0,0.0,33205,-1,0,0.0,0,0,1994-01-01,0,0,creep-clash,56,False,0,0,0,0,0,0,1,1,0,0,0,0,0,0,0,0,0,0,0,0,0,0,0,0,0,0,0
3,1.0,0.0,0.0,0.0,2.0,0.0,0.0,56764,-1.0,0,0.0,0,0,1985-01-01,0,0,the-serpents-star,169,False,0,0,0,0,0,1,0,0,0,0,0,0,0,0,0,0,0,0,0,0,0,0,0,0,0,0,0,0,0,0,0,0,0
4,2.0,0.0,0.0,0.0,2.0,0.0,0.0,56642,-1.0,0,0.0,0,1,1984-01-01,1,0,mickeys-space-adventure,206,False,0,0,1,0,0,1,0,0,0,0,0,0,0,0,0,0,0,0,0,0,0,0,0,0,0,0,0,0,0,0,0,0,0
636,1.0,22.0,581.0,8.0,0.0,24.0,-1.0,43982,-1.0,6,2.65,3,65,2017-09-07,65,0,idle-champions-of-the-forgotten-realms,227,False,1,32,13,19,1,1,0,0,1,0,0,0,0,1,0,0,0,0,0,0,0,0,0,0,0,0,0,0,0,0,0,0,0
56,9.0,1.0,35.0,0.0,6.0,5.0,-1.0,23005,-1.0,1,3.73,4,11,1987-12-31,11,0,zak-mckracken-and-the-alien-mindbenders,388,False,3,3,4,1,0,1,0,0,0,0,0,0,0,0,0,0,0,0,0,0,0,0,0,0,0,0,0,0,0,0,0,0,0
3,0.0,0.0,3.0,0.0,0.0,0.0,0.0,61435,-1.0,0,0.0,0,0,2018-06-01,0,0,huang-ye-xun-zong,91,False,0,0,0,0,0,1,0,1,1,0,0,0,0,1,0,0,0,0,0,0,0,0,0,0,0,0,0,0,0,0,0,0,0
26,0.0,0.0,25.0,0.0,0.0,1.0,0.0,49347,-1.0,1,0.0,0,0,2017-11-22,0,0,tratel64,150,False,0,0,0,0,0,1,0,0,1,0,0,0,0,0,0,0,0,0,0,0,0,0,0,0,0,0,0,0,0,0,0,0,0
12,1.0,0.0,10.0,0.0,0.0,1.0,0.0,19140,-1.0,4,0.0,0,2,2016-06-16,2,0,awareness-rooms,97,False,0,0,2,0,0,1,0,0,1,0,0,0,0,0,0,0,0,0,0,0,0,0,0,0,0,0,0,0,0,0,0,0,0
4,0.0,0.0,3.0,1.0,0.0,0.0,0.0,236780,-1.0,11,0.0,0,1,none,1,0,general-practitioner,317,False,0,1,0,0,0,1,0,0,1,0,1,1,0,0,0,0,0,0,0,0,0,0,0,0,0,0,0,0,0,0,0,0,0
22,2.0,1.0,14.0,1.0,3.0,1.0,0.0,11254,-1.0,4,0.0,0,2,2016-03-24,2,0,lenda-do-heroi-a,391,False,1,0,1,0,0,1,1,1,1,0,0,0,0,0,0,0,0,0,0,0,0,0,0,0,0,0,0,0,0,0,0,0,0
299,1.0,6.0,283.0,0.0,1.0,8.0,-1.0,4392,62.0,1,2.56,3,9,2010-10-12,9,0,doc-clock-the-toasted-sandwich-of-time,330,False,0,4,2,3,1,1,0,1,1,1,0,0,0,0,0,0,0,0,0,0,0,0,0,0,0,0,0,0,0,0,0,0,0
9,4.0,0.0,3.0,0.0,2.0,0.0,0.0,55051,-1.0,0,0.0,0,4,1984-05-10,4,0,kings-quest-i,238,False,1,2,0,1,0,1,0,0,0,0,0,0,0,0,0,0,0,0,0,0,0,0,0,0,0,0,0,0,0,0,0,0,0
52,12.0,11.0,25.0,0.0,1.0,3.0,-1.0,53349,-1.0,0,3.64,4,14,1993-01-01,14,0,jurassic-park,292,False,1,3,9,1,1,1,0,0,0,0,0,0,0,0,0,0,0,0,0,0,0,0,0,0,0,0,0,0,0,0,0,0,0
51,1.0,0.0,50.0,0.0,0.0,0.0,0.0,49463,-1.0,1,0.0,0,1,2017-11-15,1,0,happy-santa,112,False,1,0,0,0,0,1,0,1,1,0,0,1,0,0,0,0,0,0,0,0,0,0,0,0,0,0,0,0,0,0,0,0,0
1,0.0,0.0,0.0,0.0,1.0,0.0,0.0,44074,-1.0,0,0.0,0,0,none,0,0,a-cats-manor,416,False,0,0,0,0,0,1,0,0,0,0,0,0,0,0,0,0,0,0,0,0,0,0,0,0,0,0,0,0,0,0,0,0,0
188,5.0,1.0,174.0,0.0,2.0,6.0,-1.0,16770,72.0,5,3.14,4,7,2014-05-15,7,0,qbeh-1-the-atlas-cube,313,False,0,3,3,1,0,1,0,1,1,0,0,0,0,0,0,0,0,0,0,0,0,0,0,0,0,0,0,0,0,0,0,0,0
1,0.0,0.0,1.0,0.0,0.0,0.0,0.0,62472,-1.0,1,0.0,0,0,2018-02-22,0,0,the-fielders-choice,65,False,0,0,0,0,0,1,0,0,1,0,1,0,1,0,0,0,0,0,0,0,0,0,0,0,0,0,0,0,0,0,0,0,0
2,1.0,0.0,0.0,0.0,1.0,0.0,0.0,56456,-1.0,0,0.0,0,0,1985-01-01,0,0,the-empire-of-karn,134,False,0,0,0,0,0,1,0,0,0,0,0,0,0,0,0,0,0,0,0,0,0,0,0,0,0,0,0,0,0,0,0,0,0
927,11.0,8.0,866.0,0.0,5.0,37.0,-1.0,18850,75.0,4,2.6,3,30,2011-04-27,30,0,hector-badge-of-carnage-full-series,412,False,0,12,8,10,0,1,0,1,0,0,0,0,0,0,0,0,0,0,0,0,0,0,0,0,0,0,0,0,0,0,0,0,0
3,1.0,0.0,0.0,0.0,2.0,0.0,0.0,57238,-1.0,0,0.0,0,0,1990-09-07,0,0,valis-iii,302,False,0,0,0,0,1,1,0,0,0,0,0,0,0,0,0,0,0,0,0,0,0,0,0,0,0,0,0,0,0,0,0,0,0
6,3.0,1.0,0.0,0.0,2.0,0.0,0.0,53842,-1.0,0,0.0,0,3,1988-12-09,3,0,godzilla-monster-of-monsters,314,False,0,0,2,1,1,0,0,0,0,0,0,0,0,0,0,0,0,0,0,0,0,0,0,0,0,0,0,0,0,0,0,0,0,0
46,16.0,14.0,8.0,1.0,3.0,4.0,-1.0,53190,-1.0,0,3.81,4,21,1985-01-22,21,0,balloon-fight-1985,279,False,2,3,15,1,1,0,0,0,0,0,0,0,0,0,0,0,0,0,0,0,0,0,0,0,0,0,0,0,0,0,0,0,0,0
4,1.0,0.0,1.0,1.0,1.0,0.0,0.0,23330,-1.0,8,0.0,0,0,none,0,0,tarotica-voo-doo,111,False,0,0,0,0,1,1,0,0,1,0,1,0,0,0,0,0,0,0,0,0,0,0,0,0,0,0,0,0,0,0,0,0,0,0
94,37.0,6.0,27.0,1.0,14.0,9.0,-1.0,9819,-1.0,4,4.46,5,39,2017-03-03,39,0,shovel-knight-specter-of-torment,458,False,26,2,9,2,1,1,0,0,1,1,0,0,0,0,0,0,0,0,0,0,0,0,0,0,0,0,0,0,0,0,0,0,0,0
232,0.0,1.0,226.0,0.0,1.0,4.0,-1.0,20902,-1.0,5,0.0,1,5,2015-06-01,5,0,flix-the-flea,364,False,0,2,0,3,1,0,0,0,1,0,0,0,0,0,0,0,0,0,0,0,0,0,0,0,0,0,0,0,0,0,0,0,0,0
2,0.0,0.0,0.0,0.0,2.0,0.0,0.0,54808,-1.0,0,0.0,0,0,1999-12-17,0,0,bomberman-max,309,False,0,0,0,0,1,0,0,0,0,0,0,0,0,0,0,0,0,0,0,0,0,0,0,0,0,0,0,0,0,0,0,0,0,0
364,3.0,7.0,328.0,2.0,1.0,23.0,-1.0,17095,-1.0,1,3.0,3,16,2014-05-19,16,0,retro-game-crunch,294,False,0,7,6,3,1,1,0,0,1,0,0,0,0,0,0,0,0,0,0,0,0,0,0,0,0,0,0,0,0,0,0,0,0,0
3,0.0,0.0,3.0,0.0,0.0,0.0,0.0,59105,-1.0,0,0.0,0,0,2018-07-16,0,0,super-skull-smash-go-2-turbo,222,False,0,0,0,0,1,0,0,0,1,0,0,0,0,0,0,0,0,0,0,0,0,0,0,0,0,0,0,0,0,0,0,0,0,0
493,5.0,20.0,442.0,0.0,1.0,25.0,-1.0,3206,-1.0,4,2.18,1,50,2015-08-25,50,0,shutshimi,318,False,1,20,5,24,1,0,1,0,1,0,0,0,1,0,0,0,0,0,0,0,0,0,0,0,0,0,0,0,0,0,0,0,0,0
1,0.0,0.0,0.0,0.0,1.0,0.0,0.0,2981,-1.0,0,0.0,0,0,2010-04-24,0,0,alien-escape,233,False,0,0,0,0,1,1,1,0,1,0,0,0,0,0,0,0,0,0,0,0,0,0,0,0,0,0,0,0,0,0,0,0,0,0
1743,79.0,105.0,1481.0,15.0,11.0,52.0,-1.0,11228,84.0,4,3.78,4,228,2016-04-19,228,0,speedrunners,237,False,38,56,123,11,1,0,0,1,1,0,0,1,0,1,0,0,0,0,0,0,0,0,0,0,0,0,0,0,0,0,0,0,0,0
23,0.0,0.0,23.0,0.0,0.0,0.0,0.0,46304,-1.0,0,0.0,0,0,2017-09-20,0,0,megatronic-void,174,False,0,0,0,0,1,0,0,0,1,0,0,0,0,0,0,0,0,0,0,0,0,0,0,0,0,0,0,0,0,0,0,0,0,0
5,0.0,1.0,1.0,0.0,3.0,0.0,0.0,350412,-1.0,0,0.0,0,1,2019-10-14,1,0,outbuddies,264,False,0,1,0,0,1,1,0,0,1,0,0,0,0,0,0,0,0,0,0,0,0,0,0,0,0,0,0,0,0,0,0,0,0,0
4,1.0,0.0,3.0,0.0,0.0,0.0,0.0,15376,-1.0,29,0.0,0,1,2016-12-16,1,0,castle-battles,323,False,1,0,0,0,1,0,0,0,1,0,0,0,0,0,1,0,0,0,0,0,0,0,0,0,0,0,0,0,0,0,0,0,0,0
1,0.0,0.0,0.0,0.0,1.0,0.0,0.0,350041,-1.0,0,0.0,0,0,none,0,0,cat-lady-2,188,False,0,0,0,0,1,1,0,0,1,0,0,0,0,0,0,0,0,0,0,0,0,0,0,0,0,0,0,0,0,0,0,0,0,0
415,1.0,4.0,390.0,0.0,1.0,19.0,-1.0,15725,-1.0,4,1.81,1,16,2015-11-13,16,0,uriels-chasm-2,268,False,0,5,1,10,1,1,0,0,1,0,0,0,0,0,0,0,0,0,0,0,0,0,0,0,0,0,0,0,0,0,0,0,0,0
24,1.0,0.0,22.0,0.0,1.0,0.0,0.0,51932,-1.0,0,0.0,0,1,2018-02-02,1,0,homeworld-defense,212,False,1,0,0,0,1,1,0,0,1,0,0,0,0,0,1,0,0,0,0,0,0,0,0,0,0,0,0,0,0,0,0,0,0,0
2,0.0,0.0,0.0,0.0,2.0,0.0,0.0,54180,-1.0,0,0.0,0,0,1992-01-01,0,0,big-nose-freaks-out,276,False,0,0,0,0,1,0,0,0,0,0,0,0,0,0,0,0,0,0,0,0,0,0,0,0,0,0,0,0,0,0,0,0,0,0
2,0.0,0.0,2.0,0.0,0.0,0.0,0.0,16249,-1.0,5,0.0,0,0,2016-11-02,0,0,tridefender,234,False,0,0,0,0,1,0,0,1,1,0,0,0,0,0,0,0,0,0,0,0,0,0,0,0,0,0,0,0,0,0,0,0,0,0
3,0.0,0.0,1.0,1.0,1.0,0.0,0.0,33756,-1,0,0.0,0,0,1995-01-01,0,0,fun-n-games,166,False,0,0,0,0,0,0,1,0,0,0,0,0,0,0,0,0,0,0,0,0,0,0,0,0,0,0,0,0,0,0,0,0,0,0,0
4,0.0,0.0,0.0,0.0,4.0,0.0,0.0,24960,-1,0,0.0,0,0,2004-09-24,0,0,puyo-pop-fever,95,False,0,0,0,0,0,0,1,0,0,0,0,0,0,0,0,0,0,0,0,0,0,0,0,0,0,0,0,0,0,0,0,0,0,0,0
41,0.0,0.0,38.0,0.0,2.0,1.0,0.0,33036,-1,0,0.0,0,0,1994-01-01,0,0,paddle-battle,20,False,0,0,0,0,1,0,1,0,0,0,1,0,0,0,1,0,0,0,0,0,0,0,0,0,0,0,0,0,0,0,0,0,0,0,0
20,4.0,10.0,3.0,3.0,0.0,0.0,-1.0,36182,-1,0,4.4,4,10,2000-01-01,10,0,elasto-mania,143,False,4,0,6,0,0,0,1,0,0,0,0,1,1,1,1,0,0,0,0,0,0,0,0,0,0,0,0,0,0,0,0,0,0,0,0
53,13.0,24.0,7.0,4.0,2.0,3.0,-1.0,41627,-1,0,3.59,4,27,2013-08-15,27,0,plants-vs-zombies-2-free,459,False,2,10,14,1,0,1,1,1,0,0,0,0,0,0,0,1,0,0,0,0,0,0,0,0,0,0,0,0,0,0,0,0,0,0,0
4,1.0,1.0,0.0,0.0,2.0,0.0,0.0,30788,-1,0,0.0,0,0,2000-01-01,0,0,tonka-space-station,447,False,0,0,0,0,0,0,1,0,0,0,0,0,0,0,0,0,0,0,0,0,0,0,0,0,0,0,0,0,0,0,0,0,0,0,0
2,0.0,0.0,1.0,0.0,1.0,0.0,0.0,2329,-1,0,0.0,0,0,2016-09-20,0,0,vulture-island,272,False,0,0,0,0,1,1,1,1,0,0,1,0,0,0,0,0,0,0,0,0,0,0,0,0,0,0,0,0,0,0,0,0,0,0,0
44,3.0,1.0,39.0,0.0,1.0,0.0,0.0,13793,-1,3,0.0,0,2,2018-01-10,2,0,energy-invasion,197,False,0,2,0,0,1,0,1,1,0,0,1,0,0,0,0,0,0,0,0,0,0,0,0,0,0,0,0,0,0,0,0,0,0,0,0
1,0.0,1.0,0.0,0.0,0.0,0.0,0.0,84323,-1,0,0.0,0,0,2018-01-24,0,0,slime-pizza,102,False,0,0,0,0,0,1,1,1,0,0,0,0,0,0,0,0,0,0,0,0,0,0,0,0,0,0,0,0,0,0,0,0,0,0,0
1,0.0,0.0,0.0,0.0,1.0,0.0,0.0,33831,-1,0,0.0,0,0,1997-01-01,0,0,alien-ambush,41,False,0,0,0,0,0,0,1,0,0,0,0,0,0,0,0,0,0,0,0,0,0,0,0,0,0,0,0,0,0,0,0,0,0,0,0
2,0.0,0.0,0.0,0.0,2.0,0.0,0.0,33782,-1,0,0.0,0,0,2000-01-01,0,0,huu-baku,193,False,0,0,0,0,0,0,1,0,0,0,0,0,0,0,0,0,0,0,0,0,0,0,0,0,0,0,0,0,0,0,0,0,0,0,0
5,4.0,0.0,0.0,0.0,1.0,0.0,0.0,37449,-1,0,0.0,0,2,2006-03-14,2,0,another-world-collectors-edition,260,False,0,1,1,0,0,0,1,0,0,0,0,0,0,0,0,0,0,0,0,0,0,0,0,0,0,0,0,0,0,0,0,0,0,0,0
6,2.0,0.0,1.0,0.0,3.0,0.0,0.0,31870,-1,0,0.0,0,1,1995-01-01,1,0,fx-fighter,429,False,0,0,1,0,0,0,1,0,0,1,0,0,0,0,0,0,0,0,0,0,0,0,0,0,0,0,0,0,0,0,0,0,0,0,0
28,3.0,1.0,20.0,1.0,2.0,1.0,-1.0,5991,-1,3,0.0,4,4,2015-08-24,5,0,beat-da-beat,237,False,1,1,2,1,0,0,1,0,0,0,1,0,0,0,0,0,0,0,0,0,0,0,0,0,0,0,0,0,0,0,0,0,0,0,0
1,0.0,0.0,0.0,0.0,1.0,0.0,0.0,33641,-1,0,0.0,0,0,1995-01-01,0,0,midnight-rescue,53,False,0,0,0,0,0,0,1,0,1,0,0,0,0,0,0,0,0,0,0,0,0,0,0,0,0,0,0,0,0,0,0,0,0,0,0
18,10.0,5.0,1.0,0.0,2.0,0.0,-1.0,508,-1,0,4.27,4,11,2013-03-14,11,0,ridiculous-fishing,143,False,4,1,6,0,0,1,1,1,0,0,0,0,0,0,0,0,0,0,0,0,0,0,0,0,0,0,0,0,0,0,0,0,0,0,0
1,0.0,1.0,0.0,0.0,0.0,0.0,0.0,246470,-1,0,0.0,0,1,2018-05-11,1,0,ultra-anime-champions,132,False,1,0,0,0,0,0,1,0,0,0,0,0,0,0,0,0,0,0,0,0,0,0,0,0,0,0,0,0,0,0,0,0,0,0,0
4,2.0,0.0,0.0,0.0,2.0,0.0,0.0,32416,-1,0,0.0,0,1,2001-10-01,1,0,shrek-game-land-activity-center,289,False,0,1,0,0,0,0,1,0,0,0,0,0,0,0,0,0,0,0,0,0,0,0,0,0,0,0,0,0,0,0,0,0,0,0,0
2,0.0,0.0,0.0,0.0,2.0,0.0,0.0,31864,-1,0,0.0,0,0,2000-01-01,0,0,bubble-bobble-nostalgie,214,False,0,0,0,0,0,0,1,0,0,0,0,0,0,0,0,0,0,0,0,0,0,0,0,0,0,0,0,0,0,0,0,0,0,0,0
8,0.0,2.0,2.0,2.0,1.0,1.0,0.0,2076,-1.0,0,0,0,3,2014-05-15,3,0,color-zen,89,False,0,1,2,0,0,0,0,0,0,0,0,0,1,0,0,0,0,0,0,0,0,0,0,0,0,0,0,0,0,0,0,0,0,0
3,1.0,0.0,0.0,0.0,1.0,1.0,0.0,9164,-1.0,0,0,0,0,2015-09-24,0,0,azzl,68,False,0,0,0,0,0,0,0,0,0,0,1,0,1,0,0,0,0,0,0,0,0,0,0,0,0,0,0,0,0,0,0,0,0,0
5,0.0,0.0,5.0,0.0,0.0,0.0,0.0,50975,-1.0,0,0,0,1,2017-12-22,1,0,tactical-mind,71,False,1,0,0,0,0,0,0,1,0,0,0,1,0,0,1,0,0,0,0,0,0,0,0,0,0,0,0,0,0,0,0,0,0,0
1,0.0,1.0,0.0,0.0,0.0,0.0,0.0,243269,-1.0,0,0,0,0,2016-12-07,0,0,hexy,40,False,0,0,0,0,0,0,0,0,0,0,0,0,1,0,0,0,0,0,0,0,0,0,0,0,0,0,0,0,0,0,0,0,0,0
2,1.0,1.0,0.0,0.0,0.0,0.0,0.0,47954,-1.0,0,0,0,0,none,0,0,ultraflow,126,False,0,0,0,0,0,0,0,0,0,0,0,0,1,0,0,0,0,0,0,0,0,0,0,0,0,0,0,0,0,0,0,0,0,0
1,1.0,0.0,0.0,0.0,0.0,0.0,0.0,47720,-1.0,0,0,0,0,none,0,0,hamlet,184,False,0,0,0,0,0,1,0,0,0,0,0,0,1,1,0,0,0,0,0,0,0,0,0,0,0,0,0,0,0,0,0,0,0,0
1,0.0,0.0,1.0,0.0,0.0,0.0,0.0,6845,-1.0,0,0,0,0,2015-09-03,0,0,trick-shot,93,False,0,0,0,0,0,0,0,0,1,0,0,1,1,1,0,0,0,0,0,0,0,0,0,0,0,0,0,0,0,0,0,0,0,0
55,0.0,1.0,53.0,0.0,1.0,0.0,0.0,8969,-1.0,3,0,0,2,2014-08-28,2,0,optika,301,False,0,1,0,1,0,1,1,0,1,0,0,1,1,0,0,0,0,0,0,0,0,0,0,0,0,0,0,0,0,0,0,0,0,0
24,4.0,0.0,17.0,1.0,1.0,1.0,-1.0,64170,-1.0,4,0,4,5,2018-05-22,5,0,scalak,60,False,0,2,3,0,0,0,0,0,1,0,1,1,1,0,0,0,0,0,0,0,0,0,0,0,0,0,0,0,0,0,0,0,0,0
1,0.0,0.0,1.0,0.0,0.0,0.0,0.0,102506,-1.0,0,0,0,0,2017-03-30,0,0,the-pokisfiori-museum-installation,30,False,0,0,0,0,0,0,0,0,0,0,0,0,0,1,0,0,0,0,0,0,0,0,0,0,0,0,0,0,0,0,0,0,0,0
50,2.0,0.0,47.0,0.0,1.0,0.0,0.0,19757,-1.0,1,0,0,2,2015-02-12,2,0,metamorphabet,63,False,0,0,2,0,0,0,0,0,1,1,1,1,0,0,0,0,0,0,0,0,0,0,0,0,0,0,0,0,0,0,0,0,0,0
53,2.0,0.0,51.0,0.0,0.0,0.0,0.0,44915,-1.0,1,0,0,2,2017-08-09,2,0,spiral-splatter,88,False,1,1,0,0,1,0,0,0,1,0,0,1,1,0,0,0,0,0,0,0,0,0,0,0,0,0,0,0,0,0,0,0,0,0
4,4.0,0.0,0.0,0.0,0.0,0.0,0.0,21846,87.0,0,0,0,2,2017-04-20,2,0,vignettes,107,False,1,0,1,0,0,1,0,0,1,0,0,1,1,0,0,0,0,0,0,0,0,0,0,0,0,0,0,0,0,0,0,0,0,0
9,3.0,0.0,4.0,0.0,1.0,1.0,0.0,31677,-1.0,0,0,0,1,1993-01-01,2,1,the-even-more-incredible-machine,43,False,0,0,2,0,0,0,0,0,0,0,0,0,1,0,0,0,0,0,0,0,0,0,0,0,0,0,0,0,0,0,0,0,0,0
28,0.0,0.0,26.0,0.0,1.0,1.0,0.0,5887,-1.0,4,0,0,0,2015-12-18,0,0,swapperoo,75,False,0,0,0,0,0,0,0,0,1,0,1,1,1,0,0,0,0,0,0,0,0,0,0,0,0,0,0,0,0,0,0,0,0,0
1,0.0,0.0,0.0,0.0,1.0,0.0,0.0,34945,-1.0,0,0,0,0,1997-01-01,0,0,x-fools,80,False,0,0,0,0,0,0,1,0,0,0,0,0,1,0,0,0,0,0,0,0,0,0,0,0,0,0,0,0,0,0,0,0,0,0
2,0.0,0.0,1.0,0.0,1.0,0.0,0.0,307130,-1.0,0,0,0,1,2015-06-14,1,0,pink-tac-toe,75,False,0,0,1,0,0,0,0,1,0,0,0,0,1,0,0,0,0,0,0,0,0,0,0,0,0,0,0,0,0,0,0,0,0,0
19,0.0,1.0,17.0,0.0,0.0,1.0,0.0,7082,-1.0,1,0,0,1,2016-11-02,1,0,yankais-triangle,130,False,0,1,0,0,0,0,1,0,1,0,0,1,1,0,0,0,0,0,0,0,0,0,0,0,0,0,0,0,0,0,0,0,0,0
1,0.0,0.0,0.0,0.0,1.0,0.0,0.0,24313,-1.0,0,0,0,1,2011-03-29,1,0,hop,158,False,1,0,0,0,1,0,1,0,1,0,0,0,0,0,0,0,0,0,0,0,0,0,0,0,0,0,0,0,0,0,0,0,0,0
3,2.0,0.0,1.0,0.0,0.0,0.0,0.0,24422,-1.0,0,0.0,0,1,2010-03-29,1,0,warioware-diy-showcase,185,False,0,0,1,0,0,0,0,0,0,0,0,0,0,0,0,0,0,0,0,0,0,0,0,0,0,0,0,0,0,0,0,0,0
8,2.0,1.0,4.0,0.0,1.0,0.0,0.0,24096,-1.0,6,0.0,0,1,2007-07-16,1,0,balloon-fight,212,False,0,0,1,0,0,0,0,1,0,0,0,0,0,0,0,0,0,0,0,0,0,0,0,0,0,0,0,0,0,0,0,0,0
20,0.0,0.0,19.0,0.0,0.0,1.0,0.0,52141,-1.0,0,0.0,0,0,2018-02-05,0,0,crossing-souls-demo,337,False,0,0,0,0,0,0,0,0,0,0,0,0,0,0,0,0,0,0,0,0,0,0,0,0,0,0,0,0,0,0,0,0,0
86,27.0,24.0,17.0,1.0,10.0,7.0,-1.0,5463,-1.0,3,3.74,4,34,1995-01-01,34,0,rayman,299,False,6,9,17,2,1,1,1,0,0,0,0,0,0,0,0,0,0,0,0,0,0,0,0,0,0,0,0,0,0,0,0,0,0
4,1.0,0.0,1.0,0.0,2.0,0.0,0.0,32999,-1.0,0,0.0,0,0,1984-01-01,0,0,arctic-fox,183,False,0,0,0,0,0,1,0,0,0,0,0,1,1,0,0,0,0,0,0,0,0,0,0,0,0,0,0,0,0,0,0,0,0
11,3.0,2.0,4.0,1.0,1.0,0.0,-1.0,23919,-1.0,1,0.0,5,5,2010-06-28,5,0,mario-tennis,212,False,3,0,2,0,0,0,0,0,0,0,0,0,0,0,0,0,0,0,0,0,0,0,0,0,0,0,0,0,0,0,0,0,0
1,0.0,1.0,0.0,0.0,0.0,0.0,0.0,7389,-1.0,0,0.0,0,1,2017-02-07,1,0,twd-trivia-the-walking-dead-edition,137,False,0,0,0,1,0,0,0,0,0,0,0,0,0,0,0,0,0,0,0,0,0,0,0,0,0,0,0,0,0,0,0,0,0
3,1.0,2.0,0.0,0.0,0.0,0.0,0.0,71459,-1.0,0,0.0,0,3,2016-07-27,3,0,tinker-island-adventure,192,False,0,1,2,0,0,1,0,0,0,0,1,0,1,0,0,0,0,0,0,0,0,0,0,0,0,0,0,0,0,0,0,0,0
6,4.0,1.0,0.0,0.0,1.0,0.0,0.0,5915,-1.0,0,0.0,0,2,2012-10-18,2,0,sonic-jump,71,False,0,0,2,0,1,0,1,1,0,0,0,0,0,0,0,0,0,0,0,0,0,0,0,0,0,0,0,0,0,0,0,0,0
169,4.0,5.0,154.0,0.0,1.0,5.0,-1.0,16780,74.0,2,3.0,3,14,2010-05-16,14,0,bittrip-fate,334,False,0,11,2,1,1,0,1,0,0,1,0,0,0,0,0,0,0,0,0,0,0,0,0,0,0,0,0,0,0,0,0,0,0
249,13.0,15.0,214.0,0.0,2.0,5.0,-1.0,28451,-1.0,0,3.12,3,25,2004-02-11,25,0,feeding-frenzy,197,False,1,14,7,3,1,0,1,0,0,0,0,0,0,0,0,0,0,0,0,0,0,0,0,0,0,0,0,0,0,0,0,0,0
4,0.0,1.0,2.0,0.0,1.0,0.0,0.0,4400,-1.0,0,0.0,0,0,2006-02-06,0,0,feeding-frenzy-2-shipwreck-showdown,315,False,0,0,0,0,0,0,1,0,0,0,0,0,0,0,0,0,0,0,0,0,0,0,0,0,0,0,0,0,0,0,0,0,0
27,3.0,2.0,21.0,0.0,1.0,0.0,0.0,40301,-1.0,0,0.0,0,3,2010-11-23,3,0,michael-jackson-the-experience,404,False,0,1,2,0,0,0,1,0,0,0,0,0,0,0,0,0,0,0,0,0,0,0,0,0,0,0,0,0,0,0,0,0,0
347,1.0,4.0,321.0,0.0,4.0,17.0,-1.0,19618,66.0,2,2.82,3,11,2013-04-30,11,0,strike-suit-infinity,249,False,1,5,2,3,1,0,0,0,0,1,0,0,0,0,0,0,0,0,0,0,0,0,0,0,0,0,0,0,0,0,0,0,0
1,0.0,0.0,1.0,0.0,0.0,0.0,0.0,52832,-1.0,0,0.0,0,0,none,0,0,creatures-old,338,False,0,0,0,0,0,0,0,0,0,0,0,0,0,0,0,0,0,0,0,0,0,0,0,0,0,0,0,0,0,0,0,0,0
14,7.0,3.0,2.0,1.0,1.0,0.0,-1.0,27133,-1.0,42,3.33,3,5,2012-05-20,6,0,mario-tennis-open,219,False,0,4,2,0,0,0,0,0,0,0,0,0,0,0,0,0,0,0,0,0,0,0,0,0,0,0,0,0,0,0,0,0,0
20,11.0,5.0,2.0,0.0,2.0,0.0,-1.0,246464,-1.0,0,4.58,5,12,1993-04-23,12,0,kunio-kun-no-nekketsu-soccer-league,167,False,8,1,3,0,0,0,0,0,1,0,0,0,0,1,0,0,0,0,0,0,0,0,0,0,0,0,0,0,0,0,0,0,0
2,0.0,0.0,1.0,0.0,1.0,0.0,0.0,27219,-1.0,0,0.0,0,0,2012-08-08,0,0,tokyo-crash-mobs,254,False,0,0,0,0,0,0,0,0,0,0,0,0,0,0,0,0,0,0,0,0,0,0,0,0,0,0,0,0,0,0,0,0,0
5,0.0,1.0,1.0,0.0,1.0,2.0,0.0,24099,-1.0,0,0.0,0,0,2013-05-09,1,0,mario-and-donkey-kong-minis-on-the-move,123,False,0,1,0,0,0,0,0,0,0,0,0,0,0,0,0,0,0,0,0,0,0,0,0,0,0,0,0,0,0,0,0,0,0
2,0.0,0.0,0.0,0.0,2.0,0.0,0.0,29403,-1,0,0.0,0,0,2002-06-01,0,0,puzz-3d-thomas-kinkades-lamplight-manor,218,False,0,0,0,0,0,0,0,0,1,0,0,0,0,0,0,0,0,0,0,0,0,0,0,0,0,0,0,0,0,0,0
10,8.0,0.0,1.0,0.0,0.0,1.0,-1.0,80387,-1,0,0.0,4,5,2015-04-30,5,0,cube-escape-seasons,138,False,2,0,3,0,1,0,0,0,1,0,0,0,0,0,0,0,0,0,0,0,0,0,0,0,0,0,0,0,0,0,0
3,1.0,0.0,0.0,0.0,2.0,0.0,0.0,29947,-1,0,0.0,0,0,1995-12-01,0,0,the-11th-hour-the-sequel-to-the-7th-guest,431,False,0,0,0,0,1,0,0,0,1,0,0,0,0,0,0,0,0,0,0,0,0,0,0,0,0,0,0,0,0,0,0
2,1.0,0.0,0.0,0.0,1.0,0.0,0.0,9291,-1,0,0.0,0,0,2013-01-24,0,0,sunny-drops,135,False,0,0,0,0,1,0,0,0,1,0,0,0,0,0,0,0,0,0,0,0,0,0,0,0,0,0,0,0,0,0,0
753,38.0,6.0,644.0,2.0,12.0,51.0,-1.0,3183,-1,5,3.47,4,53,2013-12-03,53,0,broken-sword-5,527,False,8,9,27,9,1,0,0,0,1,0,0,0,0,0,0,0,0,0,0,0,0,0,0,0,0,0,0,0,0,0,0
2,0.0,0.0,0.0,0.0,2.0,0.0,0.0,31505,-1,0,0.0,0,0,2002-09-01,0,0,puzzles-cataro-mysterious-egypt,236,False,0,0,0,0,0,0,0,0,1,0,0,0,0,0,0,0,0,0,0,0,0,0,0,0,0,0,0,0,0,0,0
74,5.0,1.0,63.0,0.0,1.0,4.0,-1.0,23623,-1,2,3.0,3,6,2017-06-13,6,0,art-of-gravity,153,False,0,3,2,1,0,0,1,1,1,0,0,1,0,0,0,0,0,0,0,0,0,0,0,0,0,0,0,0,0,0,0
39,0.0,0.0,33.0,0.0,4.0,2.0,0.0,43791,-1,4,0.0,0,3,2017-06-28,3,0,persian-nights-sands-of-wonders,485,False,2,0,1,0,1,0,1,0,1,0,0,0,0,0,0,0,0,0,0,0,0,0,0,0,0,0,0,0,0,0,0
3,1.0,1.0,1.0,0.0,0.0,0.0,0.0,38426,-1,0,0.0,0,3,2007-12-01,3,0,avatar-bobble-battles,272,False,0,0,2,1,0,1,0,0,1,0,0,1,0,0,0,0,0,0,0,0,0,0,0,0,0,0,0,0,0,0,0
1,0.0,0.0,1.0,0.0,0.0,0.0,0.0,222236,-1,0,0.0,0,0,none,0,0,fixit,44,False,0,0,0,0,0,0,0,0,1,0,0,0,0,0,0,0,0,0,0,0,0,0,0,0,0,0,0,0,0,0,0
2,0.0,0.0,1.0,0.0,1.0,0.0,0.0,30030,-1,0,0.0,0,0,1998-01-01,0,0,black-dahlia,389,False,0,0,0,0,1,0,0,0,1,0,0,0,0,0,0,0,0,0,0,0,0,0,0,0,0,0,0,0,0,0,0
3,0.0,0.0,1.0,0.0,2.0,0.0,0.0,30184,-1,0,0.0,0,3,1995-01-01,3,0,tube,357,False,0,2,0,1,0,1,0,0,0,0,1,0,0,0,0,0,0,0,0,0,0,0,0,0,0,0,0,0,0,0,0
1,0.0,0.0,0.0,0.0,0.0,1.0,0.0,47753,-1,0,0.0,0,0,none,0,0,mcf-return-to-ravenhearst-full,264,False,0,0,0,0,0,0,1,0,0,0,0,0,0,0,0,0,0,0,0,0,0,0,0,0,0,0,0,0,0,0,0
1,0.0,1.0,0.0,0.0,0.0,0.0,0.0,6646,-1,0,0.0,0,1,2014-11-25,1,0,wicked-lair,250,False,0,0,1,0,0,0,0,0,0,1,0,1,0,0,0,0,0,0,0,0,0,0,0,0,0,0,0,0,0,0,0
1,0.0,0.0,0.0,0.0,1.0,0.0,0.0,26978,-1,0,0.0,0,1,2014-05-22,1,0,lost-treasures-of-alexandria,117,False,1,0,0,0,0,0,0,0,0,0,0,0,0,0,0,0,0,0,0,0,0,0,0,0,0,0,0,0,0,0,0
2,0.0,0.0,0.0,0.0,2.0,0.0,0.0,30125,-1,0,0.0,0,0,1994-01-01,0,0,spaceship-warlock,307,False,0,0,0,0,1,1,0,0,0,0,0,0,0,0,0,0,0,0,0,0,0,0,0,0,0,0,0,0,0,0,0
1,0.0,0.0,1.0,0.0,0.0,0.0,0.0,38047,-1,0,0.0,0,0,2010-06-22,0,0,making-history-2-the-war-of-the-world,336,False,0,0,0,0,0,0,0,0,0,0,0,1,0,0,0,0,0,0,0,0,0,0,0,0,0,0,0,0,0,0,0
3,0.0,2.0,0.0,0.0,1.0,0.0,0.0,48135,-1,0,0.0,0,1,none,1,0,sky-dancer-parkour-freerunner,212,False,0,1,0,0,1,0,0,0,0,0,0,0,0,0,0,0,0,0,0,0,0,0,0,0,0,0,0,0,0,0,0
257,43.0,25.0,139.0,3.0,19.0,28.0,-1.0,1922,-1,4,4.05,4,58,1992-12-06,58,0,final-fantasy-v,353,False,15,3,37,3,0,0,0,0,0,1,0,0,0,0,0,0,0,0,0,0,0,0,0,0,0,0,0,0,0,0,0
2,0.0,2.0,0.0,0.0,0.0,0.0,0.0,67525,-1.0,0,0.0,0,2,2015-11-04,2,0,tap-tap-dash,60,False,0,2,0,0,1,0,1,1,0,0,0,0,0,0,0,0,0,0,0,0,0,0,0,0,0,0,0,0,0,0,0
1,0.0,0.0,0.0,1.0,0.0,0.0,0.0,66636,-1.0,0,0.0,0,0,2018-03-07,0,0,will-hero,138,False,0,0,0,0,1,0,1,1,0,0,0,0,0,0,0,0,0,0,0,0,0,0,0,0,0,0,0,0,0,0,0
43,0.0,2.0,39.0,0.0,1.0,1.0,0.0,11883,-1.0,3,0.0,0,2,2016-07-03,2,0,12-orbits,65,False,0,1,0,1,1,0,1,1,1,0,0,1,0,0,0,0,0,0,0,0,0,0,0,0,0,0,0,0,0,0,0
15,0.0,0.0,15.0,0.0,0.0,0.0,0.0,18476,-1.0,5,0.0,0,0,2015-12-10,0,0,globe-rush,85,False,0,0,0,0,1,1,1,1,1,0,0,0,0,0,0,0,0,0,0,0,0,0,0,0,0,0,0,0,0,0,0
61,1.0,0.0,57.0,0.0,1.0,2.0,0.0,5392,-1.0,0,0.0,0,3,2008-09-25,3,0,geon,237,False,0,1,0,2,1,1,1,0,0,1,0,0,0,0,0,0,0,0,0,0,0,0,0,0,0,0,0,0,0,0,0
1,0.0,0.0,0.0,1.0,0.0,0.0,0.0,65407,-1.0,0,0.0,0,0,2018-08-09,0,0,paperio-2,63,False,0,0,0,0,0,0,1,1,0,0,0,0,0,0,0,0,0,0,0,0,0,0,0,0,0,0,0,0,0,0,0
23,1.0,0.0,21.0,0.0,1.0,0.0,0.0,44496,-1.0,9,0.0,0,2,2017-07-19,2,0,achievement-hunter-begins,74,False,0,1,0,1,1,1,0,1,1,0,0,0,0,0,0,0,0,0,0,0,0,0,0,0,0,0,0,0,0,0,0
1,0.0,1.0,0.0,0.0,0.0,0.0,0.0,67572,-1.0,0,0.0,0,0,2009-04-21,0,0,the-moron-test,94,False,0,0,0,0,0,0,0,0,0,1,0,0,0,0,0,0,0,0,0,0,0,0,0,0,0,0,0,0,0,0,0
19,0.0,1.0,17.0,0.0,0.0,1.0,0.0,7082,-1.0,1,0.0,0,1,2016-11-02,1,0,yankais-triangle,130,False,0,1,0,0,0,0,1,1,1,1,0,0,0,0,0,0,0,0,0,0,0,0,0,0,0,0,0,0,0,0,0
18,0.0,0.0,18.0,0.0,0.0,0.0,0.0,45089,-1.0,1,0.0,0,0,2017-08-01,0,0,animal-herding,75,False,0,0,0,0,1,0,0,1,1,0,0,0,0,0,0,0,0,0,0,0,0,0,0,0,0,0,0,0,0,0,0
51,1.0,1.0,46.0,1.0,0.0,2.0,0.0,18299,78.0,1,0.0,0,2,2016-07-22,2,0,lovely-planet-arcade,70,False,1,1,0,0,1,1,0,1,1,0,0,0,0,0,0,0,0,0,0,0,0,0,0,0,0,0,0,0,0,0,0
2,1.0,0.0,0.0,0.0,1.0,0.0,0.0,2701,-1.0,0,0.0,0,0,2012-01-24,0,0,burrito-bison,74,False,0,0,0,0,1,0,1,0,0,0,0,0,0,0,0,0,0,0,0,0,0,0,0,0,0,0,0,0,0,0,0
1,0.0,1.0,0.0,0.0,0.0,0.0,0.0,67895,-1.0,0,0.0,0,1,2017-11-04,1,0,dunk-shot,48,False,0,1,0,0,0,0,1,1,0,0,0,1,0,0,0,0,0,0,0,0,0,0,0,0,0,0,0,0,0,0,0
8,0.0,0.0,8.0,0.0,0.0,0.0,0.0,12995,-1.0,5,0.0,0,0,2017-02-28,0,0,blowhards,138,False,0,0,0,0,1,0,0,1,1,0,0,0,0,0,0,0,0,0,0,0,0,0,0,0,0,0,0,0,0,0,0
29,0.0,0.0,28.0,0.0,0.0,1.0,0.0,20686,-1.0,2,0.0,0,0,2015-12-01,0,0,expander,59,False,0,0,0,0,1,0,1,0,1,0,0,0,0,0,0,0,0,0,0,0,0,0,0,0,0,0,0,0,0,0,0
94,2.0,8.0,77.0,1.0,0.0,6.0,-1.0,3495,-1.0,2,3.14,3,7,2014-11-18,7,0,adventure-time-the-secret-of-the-nameless-kingdom,234,False,1,4,1,1,1,1,0,0,0,0,1,0,0,0,0,0,0,0,0,0,0,0,0,0,0,0,0,0,0,0,0
131,2.0,1.0,126.0,0.0,0.0,2.0,0.0,11626,-1.0,0,0.0,0,4,2015-11-19,4,0,goocubelets-2,71,False,0,1,0,3,0,0,0,1,0,0,0,0,0,0,0,0,0,0,0,0,0,0,0,0,0,0,0,0,0,0,0
4,0.0,1.0,1.0,0.0,2.0,0.0,0.0,54884,-1.0,0,0.0,0,1,1998-12-01,1,0,quest-for-camelot,244,False,0,1,0,0,1,0,0,0,0,0,0,0,0,0,0,0,0,0,0,0,0,0,0,0,0,0,0,0,0,0,0
1,1.0,0.0,0.0,0.0,0.0,0.0,0.0,46897,-1.0,0,0.0,0,1,2017-09-17,1,0,flat-pack,47,False,0,0,1,0,1,0,0,0,0,1,0,0,0,0,0,0,0,0,0,0,0,0,0,0,0,0,0,0,0,0,0
22,1.0,0.0,21.0,0.0,0.0,0.0,0.0,61104,-1.0,4,0.0,0,1,2018-07-20,1,0,hentai-memory,85,False,0,0,0,1,0,0,1,0,0,1,0,0,0,0,0,0,0,0,0,0,0,0,0,0,0,0,0,0,0,0,0,0,0
23,0.0,0.0,23.0,0.0,0.0,0.0,0.0,61237,-1.0,1,0.0,0,2,2018-05-24,2,0,hentai-puzzle,48,False,0,0,0,2,0,0,1,0,0,1,0,0,0,1,0,0,0,0,0,0,0,0,0,0,0,0,0,0,0,0,0,0,0
1,0.0,0.0,1.0,0.0,0.0,0.0,0.0,64439,-1.0,0,0.0,0,0,2018-06-02,0,0,intelligence-anime-girls,175,False,0,0,0,0,0,0,1,0,0,1,0,0,0,0,0,0,0,0,0,0,0,0,0,0,0,0,0,0,0,0,0,0,0
1,0.0,0.0,1.0,0.0,0.0,0.0,0.0,43782,-1.0,0,0.0,0,0,2017-02-16,0,0,escape-room-reality,147,False,0,0,0,0,0,0,1,0,0,1,1,1,0,0,0,0,0,0,0,0,0,0,0,0,0,0,0,0,0,0,0,0,0
1,1.0,0.0,0.0,0.0,0.0,0.0,0.0,60419,-1.0,0,0.0,0,1,2018-08-23,1,0,ecchi-puzzle,63,False,0,1,0,0,0,0,1,0,0,1,0,0,0,0,0,0,0,0,0,0,0,0,0,0,0,0,0,0,0,0,0,0,0
904,17.0,24.0,821.0,1.0,1.0,40.0,-1.0,21126,-1.0,1,3.43,4,58,2012-08-31,58,0,the-basement-collection,193,False,9,15,25,9,0,1,0,0,0,1,0,0,0,1,0,0,0,0,0,0,0,0,0,0,0,0,0,0,0,0,0,0,0
1,1.0,0.0,0.0,0.0,0.0,0.0,0.0,236791,-1.0,0,0.0,0,1,2018-09-24,1,0,hentai-the-shell-game,64,False,0,0,0,1,0,0,1,0,0,1,0,1,1,0,0,0,0,0,0,0,0,0,0,0,0,0,0,0,0,0,0,0,0
116,8.0,2.0,102.0,0.0,1.0,3.0,-1.0,61004,-1.0,1,3.0,4,9,2018-01-10,9,0,meteor-60-seconds,85,False,0,3,4,2,1,0,1,0,0,1,0,0,1,0,0,0,0,0,0,0,0,0,0,0,0,0,0,0,0,0,0,0,0
117,0.0,3.0,109.0,0.0,1.0,4.0,0.0,16981,-1.0,3,0.0,0,1,2014-11-14,1,0,qp-shooting-dangerous,224,False,0,0,1,0,1,0,0,0,0,1,0,0,0,0,0,0,0,0,0,0,0,0,0,0,0,0,0,0,0,0,0,0,0
119,8.0,0.0,108.0,0.0,1.0,2.0,-1.0,17595,-1.0,5,4.38,4,8,1996-10-04,8,0,pajama-sam-no-need-to-hide-when-its-dark-outside,260,False,3,0,5,0,0,1,1,1,1,0,0,0,0,0,0,0,0,0,0,0,0,0,0,0,0,0,0,0,0,0,0,0,0
7,0.0,0.0,6.0,0.0,1.0,0.0,0.0,20230,-1.0,8,0.0,0,0,2015-12-17,0,0,lightbender,155,False,0,0,0,0,0,0,1,0,0,1,0,0,0,0,0,0,0,0,0,0,0,0,0,0,0,0,0,0,0,0,0,0,0
3,0.0,0.0,3.0,0.0,0.0,0.0,0.0,51775,-1.0,0,0.0,0,0,none,0,0,quadrantica,143,False,0,0,0,0,0,0,1,0,0,1,0,0,0,0,0,0,0,0,0,0,0,0,0,0,0,0,0,0,0,0,0,0,0
51,1.0,1.0,46.0,1.0,0.0,2.0,0.0,18299,78.0,1,0.0,0,2,2016-07-22,2,0,lovely-planet-arcade,70,False,1,1,0,0,1,1,1,0,0,1,0,0,0,0,0,0,0,0,0,0,0,0,0,0,0,0,0,0,0,0,0,0,0
1,0.0,0.0,1.0,0.0,0.0,0.0,0.0,61611,-1.0,0,0.0,0,0,2018-06-12,0,0,3d-gravity-rocket,64,False,0,0,0,0,0,0,1,0,0,1,0,0,0,0,0,0,0,0,0,0,0,0,0,0,0,0,0,0,0,0,0,0,0
74,5.0,1.0,63.0,0.0,1.0,4.0,-1.0,23623,-1.0,2,3.0,3,6,2017-06-13,6,0,art-of-gravity,153,False,0,3,2,1,0,0,1,0,0,1,1,0,0,1,0,0,0,0,0,0,0,0,0,0,0,0,0,0,0,0,0,0,0
14,0.0,1.0,10.0,0.0,1.0,2.0,0.0,292876,-1.0,4,0.0,0,2,2019-03-01,2,0,mola-mola-vivienne,95,False,0,1,0,1,0,0,1,0,0,1,0,1,1,1,0,0,0,0,0,0,0,0,0,0,0,0,0,0,0,0,0,0,0
7,0.0,0.0,5.0,0.0,1.0,1.0,0.0,60673,-1.0,3,0.0,0,1,2018-09-06,1,0,eternal-fantasy,433,False,0,0,0,1,0,1,0,0,0,1,0,1,0,0,0,0,0,0,0,0,0,0,0,0,0,0,0,0,0,0,0,0,0
66,1.0,0.0,64.0,0.0,1.0,0.0,0.0,46766,-1.0,1,0.0,0,1,2017-10-02,1,0,tower-of-lust,226,False,1,0,0,0,1,1,0,0,0,0,0,1,0,0,0,0,0,0,0,0,0,0,0,0,0,0,0,0,0,0,0,0,0
7,3.0,0.0,2.0,0.0,1.0,1.0,0.0,281299,-1.0,0,0.0,0,2,2019-01-18,2,0,girls-free,157,False,0,0,1,1,0,0,1,0,0,1,0,0,0,0,0,0,0,0,0,0,0,0,0,0,0,0,0,0,0,0,0,0,0
19,0.0,1.0,17.0,0.0,0.0,1.0,0.0,7082,-1.0,1,0.0,0,1,2016-11-02,1,0,yankais-triangle,130,False,0,1,0,0,0,0,1,0,1,1,0,1,0,0,0,0,0,0,0,0,0,0,0,0,0,0,0,0,0,0,0,0,0
15,0.0,2.0,12.0,0.0,1.0,0.0,0.0,17454,-1.0,1,0.0,0,1,2016-09-07,1,0,rubek,46,False,0,0,1,0,0,0,0,0,1,1,0,1,0,0,0,0,0,0,0,0,0,0,0,0,0,0,0,0,0,0,0,0,0
145,4.0,6.0,127.0,1.0,0.0,7.0,-1.0,13043,-1.0,3,2.91,3,11,2016-11-04,11,0,wayout,53,False,0,6,3,2,0,0,0,0,1,1,0,1,0,1,0,0,0,0,0,0,0,0,0,0,0,0,0,0,0,0,0,0,0
1,0.0,0.0,0.0,0.0,0.0,1.0,0.0,262500,-1.0,0,0.0,0,0,2018-11-22,0,0,data-mining-3,137,False,0,0,0,0,0,0,0,0,1,1,0,0,0,0,0,0,0,0,0,0,0,0,0,0,0,0,0,0,0,0,0,0,0
634,36.0,8.0,556.0,0.0,2.0,32.0,-1.0,1366,80.0,2,3.43,4,53,2013-10-15,53,0,140-itch,61,False,7,10,27,9,1,0,1,0,0,1,1,0,0,0,0,0,0,0,0,0,0,0,0,0,0,0,0,0,0,0,0,0,0
109,4.0,1.0,93.0,2.0,4.0,5.0,-1.0,22022,71.0,2,3.91,4,11,2017-05-12,11,0,ovivo,231,False,1,2,8,0,1,1,1,0,1,1,0,0,0,0,0,0,0,0,0,0,0,0,0,0,0,0,0,0,0,0,0,0,0
1606,92.0,95.0,1370.0,13.0,4.0,32.0,-1.0,1612,88.0,1,3.73,4,234,2012-08-31,235,0,super-hexagon,92,False,55,32,119,29,1,0,1,0,1,1,0,0,0,0,0,0,0,0,0,0,0,0,0,0,0,0,0,0,0,0,0,0,0
36,2.0,0.0,34.0,0.0,0.0,0.0,0.0,49044,-1.0,1,0.0,0,2,2017-11-02,2,0,amaze-double,75,False,1,1,0,0,0,0,0,0,1,1,0,0,0,0,0,0,0,0,0,0,0,0,0,0,0,0,0,0,0,0,0,0,0
30,0.0,0.0,29.0,0.0,1.0,0.0,0.0,13705,-1.0,4,0.0,0,1,2016-07-22,1,0,crystal-cosmos,406,False,0,0,0,1,1,1,0,0,1,1,0,0,0,0,0,0,0,0,0,0,0,0,0,0,0,0,0,0,0,0,0,0,0
66,1.0,0.0,64.0,0.0,0.0,1.0,0.0,44013,-1.0,1,0.0,0,1,2017-07-13,1,0,amaze-3d,78,False,1,0,0,0,0,0,0,0,1,1,0,0,0,0,0,0,0,0,0,0,0,0,0,0,0,0,0,0,0,0,0,0,0
4,4.0,0.0,0.0,0.0,0.0,0.0,0.0,21846,87.0,0,0.0,0,2,2017-04-20,2,0,vignettes,107,False,1,0,1,0,0,1,0,0,1,1,0,1,0,0,0,0,0,0,0,0,0,0,0,0,0,0,0,0,0,0,0,0,0
39,0.0,0.0,39.0,0.0,0.0,0.0,0.0,12081,-1.0,4,0.0,0,1,2016-07-29,1,0,totally-unbalanced,255,False,0,0,0,1,1,1,0,0,1,1,0,0,1,0,0,0,0,0,0,0,0,0,0,0,0,0,0,0,0,0,0,0,0
21,0.0,0.0,20.0,0.0,1.0,0.0,0.0,20493,-1.0,4,0.0,0,0,2015-11-13,0,0,iso-sphere,149,False,0,0,0,0,0,0,0,0,1,1,0,0,0,0,0,0,0,0,0,0,0,0,0,0,0,0,0,0,0,0,0,0,0
223,16.0,6.0,187.0,1.0,0.0,13.0,-1.0,13528,-1.0,2,3.46,4,28,2016-07-13,28,0,klocki-2,58,False,1,7,17,3,0,0,0,0,1,1,0,1,0,0,0,0,0,0,0,0,0,0,0,0,0,0,0,0,0,0,0,0,0
111,3.0,0.0,105.0,1.0,1.0,1.0,-1.0,11011,-1.0,3,1.8,1,10,2017-02-14,10,0,oik,82,False,1,2,0,7,0,0,0,0,1,1,0,0,0,0,0,0,0,0,0,0,0,0,0,0,0,0,0,0,0,0,0,0,0
57,0.0,0.0,57.0,0.0,0.0,0.0,0.0,10864,-1.0,4,0.0,0,1,2016-11-18,1,0,qubic,122,False,0,1,0,0,0,0,0,0,1,1,0,0,0,0,0,0,0,0,0,0,0,0,0,0,0,0,0,0,0,0,0,0,0
6,0.0,0.0,5.0,0.0,1.0,0.0,0.0,23686,-1.0,1,0.0,0,0,2017-05-30,0,0,yankais-peak,84,False,0,0,0,0,0,0,0,1,0,1,0,1,0,0,0,0,0,0,0,0,0,0,0,0,0,0,0,0,0,0,0,0,0
16,0.0,0.0,16.0,0.0,0.0,0.0,0.0,29256,-1.0,2,0.0,0,0,2017-06-16,0,0,isotiles,35,False,0,0,0,0,0,0,0,0,0,1,0,0,0,1,0,0,0,0,0,0,0,0,0,0,0,0,0,0,0,0,0,0,0
272,0.0,4.0,261.0,0.0,0.0,7.0,-1.0,12052,-1.0,5,1.55,1,11,2015-07-09,11,0,face-it-a-game-to-fight-inner-demons,295,False,0,3,0,8,1,1,0,0,0,1,0,1,0,0,0,0,0,0,0,0,0,0,0,0,0,0,0,0,0,0,0,0,0
345,2.0,5.0,323,0.0,1.0,14.0,-1.0,11555,-1.0,1,2.57,3,7,2013-12-05,7,0,clickteam-fusion-25,281,False,0,4,1,2,0,0,0,0,0,0,1,0,0,0,0,0,0,0,0,0,0,0,0,0,0,0,0,0,0,0,0,0,0,0,0,0
73,1.0,0.0,68,0.0,1.0,3.0,0.0,19158,-1.0,1,0.0,0,0,2016-06-16,0,0,clickteam-fusion-25-free-edition,316,False,0,0,0,0,0,0,0,0,0,0,1,0,0,0,0,0,0,0,0,0,0,0,0,0,0,0,0,0,0,0,0,0,0,0,0,0
1296,22.0,62.0,1151,2.0,5.0,54.0,-1.0,3734,76.0,4,2.87,3,99,2014-03-25,99,0,mercenary-kings,476,False,5,48,23,23,1,1,0,0,0,0,0,1,0,1,0,0,0,0,0,0,0,0,0,0,0,0,0,0,0,0,0,0,0,0,0,0
1,0.0,0.0,1,0.0,0.0,0.0,0.0,18228,-1.0,0,0.0,0,0,2015-02-09,0,0,myrpg-master,325,False,0,0,0,0,0,0,0,0,0,0,1,0,0,0,0,0,0,0,0,0,0,0,0,0,0,0,0,0,0,0,0,0,0,0,0,0
1,0.0,0.0,1,0.0,0.0,0.0,0.0,18446,-1.0,1,0.0,0,0,2015-01-20,0,0,atavism-mmo-creator,196,False,0,0,0,0,0,0,0,0,0,0,1,0,0,0,0,0,0,0,0,0,0,0,0,0,0,0,0,0,0,0,0,0,0,0,0,0
843,1.0,10.0,795,0.0,0.0,37.0,-1.0,9969,-1.0,1,1.7,1,56,2014-11-21,56,0,app-game-kit-easy-game-development,232,False,1,13,3,39,0,0,0,0,0,0,1,0,0,0,0,0,0,0,0,0,0,0,0,0,0,0,0,0,0,0,0,0,0,0,0,0
379,8.0,8.0,345,0.0,0.0,18.0,-1.0,3862,66.0,4,2.87,4,23,2013-09-04,23,0,final-exam,488,False,1,6,9,7,1,1,0,0,0,0,0,1,0,0,0,0,0,0,0,0,0,0,0,0,0,0,0,0,0,0,0,0,0,0,0,0
1491,32.0,73.0,1331,5.0,6.0,44.0,-1.0,11887,-1.0,4,3.47,4,149,2013-12-18,149,0,hero-siege,447,False,13,41,78,17,1,1,0,0,0,0,0,1,1,1,0,0,0,0,0,0,0,0,0,0,0,0,0,0,0,0,0,0,0,0,0,0
13,0.0,1.0,11,0.0,1.0,0.0,0.0,11910,-1.0,1,0.0,0,1,2016-04-04,1,0,super-arcade-football,104,False,0,0,0,1,1,0,0,0,0,0,0,1,0,0,0,1,0,0,0,0,0,0,0,0,0,0,0,0,0,0,0,0,0,0,0,0
33,0.0,0.0,33,0.0,0.0,0.0,0.0,9974,-1.0,3,0.0,0,0,2017-04-28,0,0,cublast-hd,114,False,0,0,0,0,0,0,0,0,0,1,0,1,0,0,0,0,0,0,0,0,0,0,0,0,0,0,0,0,0,0,0,0,0,0,0,0
1,0.0,0.0,1,0.0,0.0,0.0,0.0,306107,-1.0,0,0.0,0,0,none,0,0,the-breakfast-club,176,False,0,0,0,0,0,0,0,0,0,1,0,1,0,0,0,0,0,0,0,0,0,0,0,0,0,0,0,0,0,0,0,0,0,0,0,0
8,0.0,0.0,6,0.0,1.0,1.0,0.0,58994,-1.0,2,0.0,0,1,2018-06-28,1,0,istanbul-digital-edition,317,False,0,0,1,0,0,0,0,1,0,1,0,1,0,0,0,0,1,0,0,0,0,0,0,0,0,0,0,0,0,0,0,0,0,0,0,0
1718,107.0,56.0,1468,6.0,10.0,71.0,-1.0,19655,88.0,4,3.93,4,197,2013-08-08,198,1,guacamelee-gold-edition,383,False,44,25,118,11,1,1,0,0,0,0,0,1,0,0,0,0,0,0,0,0,0,0,0,0,0,0,0,0,0,0,0,0,0,0,0,0
90,1.0,1.0,85,0.0,0.0,3.0,0.0,16894,68.0,4,0.0,0,3,2015-08-19,3,0,warlocks-vs-shadows,486,False,1,1,1,0,1,0,0,0,0,0,0,1,0,1,0,0,0,0,0,0,0,0,0,0,0,0,0,0,0,0,0,0,0,0,0,0
45,1.0,1.0,43,0.0,0.0,0.0,0.0,1900,-1.0,2,0.0,0,2,2009-02-11,2,0,spectromancer,349,False,0,0,2,0,0,0,0,0,1,0,0,0,0,0,0,0,1,0,0,0,0,0,0,0,0,0,0,0,0,0,0,0,0,0,0,0
7,0.0,0.0,7,0.0,0.0,0.0,0.0,20773,-1.0,0,0.0,0,0,2014-05-30,0,0,sport1-live-duel,193,False,0,0,0,0,0,0,0,0,0,1,0,0,0,0,0,1,0,0,0,0,0,0,0,0,0,0,0,0,0,0,0,0,0,0,0,0
53,3.0,0.0,47,0.0,1.0,2.0,0.0,16646,76.0,5,0.0,0,2,2010-03-30,2,0,dins-curse,367,False,0,1,1,0,1,0,0,0,0,0,0,1,0,1,0,0,0,0,0,0,0,0,0,0,0,0,0,0,0,0,0,0,0,0,0,0
386,3.0,19.0,350,3.0,2.0,9.0,-1.0,10025,-1.0,1,3.0,4,46,2017-02-24,46,0,brain-out,178,False,1,11,22,12,1,0,0,0,0,0,0,1,1,0,0,0,0,0,0,0,0,0,0,0,0,0,0,0,0,0,0,0,0,0,0,0
338,2.0,11.0,314,0.0,3.0,8.0,-1.0,5382,72.0,1,2.43,3,14,2009-03-26,14,0,burn-zombie-burn,424,False,0,7,2,5,1,0,1,0,0,0,0,0,0,0,1,0,0,0,0,0,0,0,0,0,0,0,0,0,0,0,0,0,0,0,0,0
3,0.0,0.0,1.0,2.0,0.0,0.0,32081,-1,0,0,0,1,1992-01-01,1,0,b-17-flying-fortress,132,False,0,0,0,1,0,0,0,0,0,0,0,1,0,0,0,0,0,0,0,0,0,0,0,0,0,0,0,0,0,0,0,0,0
1,0.0,0.0,0.0,1.0,0.0,0.0,29752,-1,0,0,0,0,1993-01-01,0,0,dogfight-80-years-of-aerial-warfare,290,False,0,0,0,0,0,0,0,0,0,0,0,1,0,0,0,0,0,0,0,0,0,0,0,0,0,0,0,0,0,0,0,0,0
2,0.0,0.0,0.0,2.0,0.0,0.0,33621,-1,0,0,0,0,1991-01-01,0,0,megafortress,413,False,0,0,0,0,0,0,0,0,0,0,0,1,0,1,0,0,0,0,0,0,0,0,0,0,0,0,0,0,0,0,0,0,0
1,0.0,0.0,1.0,0.0,0.0,0.0,23450,-1,0,0,0,0,2017-05-19,0,0,run-2,134,False,0,0,0,0,0,1,0,1,0,1,0,1,0,0,0,0,0,0,0,0,0,0,0,0,0,0,0,0,0,0,0,0,0
5,0.0,0.0,5.0,0.0,0.0,0.0,14529,-1,1,0,0,0,2014-11-26,0,0,fireworks-simulator,335,False,0,0,0,0,0,0,0,0,0,0,0,1,0,0,0,0,0,0,0,0,0,0,0,0,0,0,0,0,0,0,0,0,0
51,0.0,0.0,51.0,0.0,0.0,0.0,15590,-1,1,0,0,1,2014-11-13,1,0,ensign-1,293,False,0,0,1,0,0,1,0,0,0,1,0,1,0,0,0,0,0,0,0,0,0,0,0,0,0,0,0,0,0,0,0,0,0
31,0.0,2.0,27.0,1.0,1.0,0.0,10903,-1,6,0,0,1,2016-11-07,1,0,brick-rigs,237,False,0,0,0,0,1,0,0,0,0,0,0,1,0,0,0,0,0,0,0,0,0,0,0,0,0,0,0,0,0,0,0,0,0
2,0.0,0.0,2.0,0.0,0.0,0.0,21978,-1,0,0,0,0,2017-05-19,0,0,flairtender,121,False,0,0,0,0,0,1,0,0,1,1,0,1,0,0,0,0,0,0,0,0,0,0,0,0,0,0,0,0,0,0,0,0,0
34,1.0,1.0,30.0,1.0,1.0,0.0,46252,-1,16,0,0,0,2016-01-31,0,0,amplitude-a-visual-novel,320,False,0,0,0,0,0,0,0,0,1,1,0,1,0,1,0,0,0,0,0,0,0,0,0,0,0,0,0,0,0,0,0,0,0
45,0.0,0.0,45.0,0.0,0.0,0.0,16349,-1,1,0,0,0,2016-09-01,0,0,limberjack,352,False,0,0,0,0,0,0,0,0,0,0,0,1,1,0,0,0,0,0,0,0,0,0,0,0,0,0,0,0,0,0,0,0,0
1,0.0,1.0,0.0,0.0,0.0,0.0,61537,-1,0,0,0,1,2018-08-21,1,0,running-man-3d,77,False,0,0,0,0,1,0,1,0,0,1,0,1,0,0,0,0,0,0,0,0,0,0,0,0,0,0,0,0,0,0,0,0,0
160,3.0,2.0,151.0,0.0,4.0,-1.0,21616,-1,1,0,4,5,2014-05-22,5,0,aim2-clan-wars,407,False,0,1,0,3,1,1,0,0,0,0,1,1,0,0,0,0,0,0,0,0,0,0,0,0,0,0,0,0,0,0,0,0,0
2,0.0,0.0,1.0,1.0,0.0,0.0,10258,-1,1,0,0,0,2017-03-17,0,0,hover-skate-vr,178,False,0,0,0,0,0,0,0,0,0,1,0,1,1,0,0,0,0,0,0,0,0,0,0,0,0,0,0,0,0,0,0,0,0
33,0.0,0.0,29.0,3.0,1.0,0.0,22070,-1,1,0,0,2,1996-09-29,2,0,shattered-steel,267,False,0,0,0,0,2,1,0,0,0,0,0,1,0,0,0,0,0,0,0,0,0,0,0,0,0,0,0,0,0,0,0,0,0
82,0.0,0.0,74.0,0.0,8.0,0.0,22573,-1,1,0,0,2,2017-05-12,2,0,intelligent-design-an-evolutionary-sandbox,264,False,0,0,1,1,0,0,0,0,0,1,0,1,0,1,0,0,0,0,0,0,0,0,0,0,0,0,0,0,0,0,0,0,0
13,0.0,0.0,13.0,0.0,0.0,0.0,12430,-1,3,0,0,0,2015-01-03,0,0,virtual-pool-4,178,False,0,0,0,0,0,0,0,0,0,0,0,1,1,0,0,0,0,0,0,0,0,0,0,0,0,0,0,0,0,0,0,0,0
2,0.0,0.0,2.0,0.0,0.0,0.0,45627,-1,0,0,0,0,2017-08-30,0,0,cats-lover,33,False,0,0,0,0,0,0,0,0,1,1,0,1,0,0,0,0,0,0,0,0,0,0,0,0,0,0,0,0,0,0,0,0,0
5,0.0,0.0,5.0,0.0,0.0,0.0,50891,-1,1,0,0,0,2018-01-11,0,0,till-the-dawn-waiting,140,False,0,0,0,0,0,0,0,0,1,1,0,1,0,0,0,0,0,0,0,0,0,0,0,0,0,0,0,0,0,0,0,0,0
63,1.0,2.0,59.0,0.0,1.0,0.0,18803,-1,3,0,0,2,2016-08-12,2,0,rod-revolt-of-defense,134,False,0,0,0,2,0,1,0,0,0,1,0,1,0,1,0,0,0,0,0,0,0,0,0,0,0,0,0,0,0,0,0,0,0
